"MonitoringLocationIdentifier","ActivityStartDate","OrganizationIdentifier","OrganizationFormalName","MonitoringLocationName","MonitoringLocationTypeName","LatitudeMeasure","LongitudeMeasure","Month","Year","ResultStatusIdentifier","NH3.d","NH3.t","NO23.d","NO23.t","TDN","TN","DOC","TOC","TDP","TP","CO3.t","TKN.t","TKN.d","NO3.t","NO2.t","PO4","TKN.t2","Total Kjeldahl nitrogen_Total","orig.units","Flow.cfs","SiteType","OBJECTID_1","FID_UL_sub","OBJECTID","TARGET_FID","Type","wsa_sqkm","WS_Name","Monitored_","Shape_Leng","Shape_Area","geometry","Backwater","Flow.USGS.cfs","load.TN.kgd","load.TDN.kgd","load.TP.kgd","load.TDP.kgd","load.TOC.kgd","load.DOC.kgd"
"WFWQC_UT-4996536",2015-10-14,"WFWQC_UT","Wasatch Front Water Quality Council Utah (Volunteer)","Mill Race at mouth 1.25 miles west of I-15","River/Stream",40.197811,-111.676083,10,2015,"Accepted",NA,20,NA,NA,NA,NA,NA,NA,NA,1670,NA,NA,NA,NA,6600,49,1620,NA,NA,NA,"Not specified",NA,NA,NA,NA,NA,NA,"Mill Race",NA,NA,NA,c(NA, NA),"Yes",NA,NA,NA,NA,NA,NA,NA
"WFWQC_UT-4996536",2015-10-20,"WFWQC_UT","Wasatch Front Water Quality Council Utah (Volunteer)","Mill Race at mouth 1.25 miles west of I-15",NA,40.197811,-111.676083,10,2015,"Accepted",NA,NA,NA,NA,NA,NA,NA,NA,NA,NA,NA,NA,NA,NA,NA,NA,NA,NA,"m3.sec",27.192319,"Not specified",NA,NA,NA,NA,NA,NA,"Mill Race",NA,NA,NA,c(NA, NA),"Yes",NA,NA,NA,NA,NA,NA,NA
"WFWQC_UT-4996536",2015-10-28,"WFWQC_UT","Wasatch Front Water Quality Council Utah (Volunteer)","Mill Race at mouth 1.25 miles west of I-15",NA,40.197811,-111.676083,10,2015,"Accepted",NA,NA,NA,NA,NA,NA,NA,NA,NA,NA,NA,NA,NA,NA,NA,NA,NA,NA,"m3.sec",20.835673,"Not specified",NA,NA,NA,NA,NA,NA,"Mill Race",NA,NA,NA,c(NA, NA),"Yes",NA,NA,NA,NA,NA,NA,NA
"WFWQC_UT-4996540",2015-11-16,"WFWQC_UT","Wasatch Front Water Quality Council Utah (Volunteer)","MILL RACE CREEK AT I-15 CROSSING (2 MI S PROVO COURTHOUSE)","River/Stream",40.203089424,-111.656212371,11,2015,"Accepted",NA,17,NA,NA,NA,NA,NA,NA,1430,1550,NA,NA,NA,NA,7800,38,1490,NA,"m3.sec",18.363644,"Stream",51,51,51,51,"Tributary",45.1023151814,"Mill Race","YES",34757.4096923,0.00566357779487,c(-111.656212371, 40.203089424),"No",NA,NA,NA,69.6383510414193,64.246994831761,NA,NA
"WFWQC_UT-4996536",2015-11-17,"WFWQC_UT","Wasatch Front Water Quality Council Utah (Volunteer)","Mill Race at mouth 1.25 miles west of I-15","River/Stream",40.197811,-111.676083,11,2015,"Accepted",NA,102,NA,NA,NA,NA,NA,NA,1150,1280,NA,NA,NA,NA,5800,42,1220,NA,"m3.sec",35.667847,"Not specified",NA,NA,NA,NA,NA,NA,"Mill Race",NA,NA,NA,c(NA, NA),"Yes",NA,NA,NA,111.697841471894,100.353529447405,NA,NA
"WFWQC_UT-4996540",2015-12-15,"WFWQC_UT","Wasatch Front Water Quality Council Utah (Volunteer)","MILL RACE CREEK AT I-15 CROSSING (2 MI S PROVO COURTHOUSE)","River/Stream",40.203089424,-111.656212371,12,2015,"Accepted",NA,71,NA,NA,NA,NA,NA,NA,1460,1530,NA,NA,NA,NA,13900,36,1520,1.91,"m3.sec",14.479027,"Stream",51,51,51,51,"Tributary",45.1023151814,"Mill Race","YES",34757.4096923,0.00566357779487,c(-111.656212371, 40.203089424),"No",NA,NA,NA,54.1986818961319,51.7190036394461,NA,NA
"WFWQC_UT-4996536",2016-01-13,"WFWQC_UT","Wasatch Front Water Quality Council Utah (Volunteer)","Mill Race at mouth 1.25 miles west of I-15","River/Stream",40.197811,-111.676083,1,2016,"Accepted",NA,190,NA,NA,NA,NA,NA,NA,NA,NA,NA,NA,NA,NA,NA,NA,NA,NA,"m3.sec",38.139876,"Not specified",NA,NA,NA,NA,NA,NA,"Mill Race",NA,NA,NA,c(NA, NA),"Yes",NA,NA,NA,NA,NA,NA,NA
"WFWQC_UT-4996540",2016-01-13,"WFWQC_UT","Wasatch Front Water Quality Council Utah (Volunteer)","MILL RACE CREEK AT I-15 CROSSING (2 MI S PROVO COURTHOUSE)","River/Stream",40.203089424,-111.656212371,1,2016,"Accepted",NA,33,NA,NA,NA,NA,NA,NA,NA,NA,NA,NA,NA,NA,NA,NA,NA,NA,"m3.sec",18.010497,"Stream",51,51,51,51,"Tributary",45.1023151814,"Mill Race","YES",34757.4096923,0.00566357779487,c(-111.656212371, 40.203089424),"No",NA,NA,NA,NA,NA,NA,NA
"WFWQC_UT-4996536",2016-02-17,"WFWQC_UT","Wasatch Front Water Quality Council Utah (Volunteer)","Mill Race at mouth 1.25 miles west of I-15","River/Stream",40.197811,-111.676083,2,2016,"Accepted",NA,186,NA,NA,NA,NA,NA,NA,1190,1190,NA,NA,NA,NA,3800,65,1120,NA,NA,NA,"Not specified",NA,NA,NA,NA,NA,NA,"Mill Race",NA,NA,NA,c(NA, NA),"Yes",NA,NA,NA,NA,NA,NA,NA
"WFWQC_UT-4996540",2016-02-17,"WFWQC_UT","Wasatch Front Water Quality Council Utah (Volunteer)","MILL RACE CREEK AT I-15 CROSSING (2 MI S PROVO COURTHOUSE)","River/Stream",40.203089424,-111.656212371,2,2016,"Accepted",NA,188,NA,NA,NA,NA,NA,NA,1580,1680,NA,NA,NA,NA,4300,63,1550,0.774,"m3.sec",26.839172,"Stream",51,51,51,51,"Tributary",45.1023151814,"Mill Race","YES",34757.4096923,0.00566357779487,c(-111.656212371, 40.203089424),"No",NA,NA,NA,110.315442443777,103.749047060219,NA,NA
"WFWQC_UT-4996536",2016-03-10,"WFWQC_UT","Wasatch Front Water Quality Council Utah (Volunteer)","Mill Race at mouth 1.25 miles west of I-15","River/Stream",40.197811,-111.676083,3,2016,"Accepted",NA,117,NA,NA,NA,NA,NA,NA,1170,1320,NA,NA,NA,NA,8700,122,1270,1.83,NA,NA,"Not specified",NA,NA,NA,NA,NA,NA,"Mill Race",NA,NA,NA,c(NA, NA),"Yes",NA,NA,NA,NA,NA,NA,NA
"WFWQC_UT-4996540",2016-03-15,"WFWQC_UT","Wasatch Front Water Quality Council Utah (Volunteer)","MILL RACE CREEK AT I-15 CROSSING (2 MI S PROVO COURTHOUSE)","River/Stream",40.203089424,-111.656212371,3,2016,"Accepted",NA,15,NA,NA,NA,NA,NA,NA,1310,1430,NA,NA,NA,NA,8000,NA,NA,NA,"m3.sec",18.363644,"Stream",51,51,51,51,"Tributary",45.1023151814,"Mill Race","YES",34757.4096923,0.00566357779487,c(-111.656212371, 40.203089424),"No",NA,NA,NA,64.246994831761,58.8556386221027,NA,NA
"WFWQC_UT-4996536",2016-04-11,"WFWQC_UT","Wasatch Front Water Quality Council Utah (Volunteer)","Mill Race at mouth 1.25 miles west of I-15","River/Stream",40.197811,-111.676083,4,2016,"Accepted",NA,178,NA,NA,NA,NA,NA,NA,NA,NA,NA,NA,NA,NA,6200,90,1290,NA,"m3.sec",50.500021,"Not specified",NA,NA,NA,NA,NA,NA,"Mill Race",NA,NA,NA,c(NA, NA),"Yes",NA,NA,NA,NA,NA,NA,NA
"WFWQC_UT-4996540",2016-04-11,"WFWQC_UT","Wasatch Front Water Quality Council Utah (Volunteer)","MILL RACE CREEK AT I-15 CROSSING (2 MI S PROVO COURTHOUSE)","River/Stream",40.203089424,-111.656212371,4,2016,"Accepted",NA,100,NA,NA,NA,NA,NA,NA,NA,NA,NA,NA,NA,NA,6800,96,1510,NA,"m3.sec",18.363644,"Stream",51,51,51,51,"Tributary",45.1023151814,"Mill Race","YES",34757.4096923,0.00566357779487,c(-111.656212371, 40.203089424),"No",NA,NA,NA,NA,NA,NA,NA
"WFWQC_UT-4996540",2016-05-16,"WFWQC_UT","Wasatch Front Water Quality Council Utah (Volunteer)","MILL RACE CREEK AT I-15 CROSSING (2 MI S PROVO COURTHOUSE)","River/Stream",40.203089424,-111.656212371,5,2016,"Accepted",NA,NA,NA,NA,NA,NA,NA,NA,1090,1310,NA,NA,NA,NA,6800,7,1140,1.15,"m3.sec",21.541967,"Stream",51,51,51,51,"Tributary",45.1023151814,"Mill Race","YES",34757.4096923,0.00566357779487,c(-111.656212371, 40.203089424),"No",NA,NA,NA,69.0421914605436,57.447319612208,NA,NA
"WFWQC_UT-4996540",2016-06-07,"WFWQC_UT","Wasatch Front Water Quality Council Utah (Volunteer)","MILL RACE CREEK AT I-15 CROSSING (2 MI S PROVO COURTHOUSE)",NA,40.203089424,-111.656212371,6,2016,"Accepted",NA,NA,NA,NA,NA,NA,NA,NA,NA,NA,NA,NA,NA,NA,NA,NA,NA,NA,"m3.sec",18.363644,"Storm Sewer",51,51,51,51,"Tributary",45.1023151814,"Mill Race","YES",34757.4096923,0.00566357779487,c(-111.656212371, 40.203089424),"No",NA,NA,NA,NA,NA,NA,NA
"WFWQC_UT-4996540",2016-07-05,"WFWQC_UT","Wasatch Front Water Quality Council Utah (Volunteer)","MILL RACE CREEK AT I-15 CROSSING (2 MI S PROVO COURTHOUSE)","River/Stream",40.203089424,-111.656212371,7,2016,"Accepted",NA,47,NA,NA,NA,NA,NA,NA,769,1040,NA,NA,NA,NA,5300,93,838,1.94,"m3.sec",12.360145,"Stream",51,51,51,51,"Tributary",45.1023151814,"Mill Race","YES",34757.4096923,0.00566357779487,c(-111.656212371, 40.203089424),"No",NA,NA,NA,31.4495778896732,23.2545436511141,NA,NA
"WFWQC_UT-4996536",2016-08-04,"WFWQC_UT","Wasatch Front Water Quality Council Utah (Volunteer)","Mill Race at mouth 1.25 miles west of I-15","River/Stream",40.197811,-111.676083,8,2016,"Accepted",NA,13,NA,NA,NA,10900,NA,NA,862,1020,NA,NA,NA,NA,6600,132,885,NA,NA,NA,"Not specified",NA,NA,NA,NA,NA,NA,"Mill Race",NA,NA,NA,c(NA, NA),"Yes",NA,NA,NA,NA,NA,NA,NA
"WFWQC_UT-4996540",2016-08-30,"WFWQC_UT","Wasatch Front Water Quality Council Utah (Volunteer)","MILL RACE CREEK AT I-15 CROSSING (2 MI S PROVO COURTHOUSE)",NA,40.203089424,-111.656212371,8,2016,"Accepted",NA,NA,NA,NA,NA,NA,NA,NA,NA,NA,NA,NA,NA,NA,NA,NA,NA,NA,"m3.sec",14.832174,"Storm Sewer",51,51,51,51,"Tributary",45.1023151814,"Mill Race","YES",34757.4096923,0.00566357779487,c(-111.656212371, 40.203089424),"No",NA,NA,NA,NA,NA,NA,NA
"WFWQC_UT-4996540",2016-08-31,"WFWQC_UT","Wasatch Front Water Quality Council Utah (Volunteer)","MILL RACE CREEK AT I-15 CROSSING (2 MI S PROVO COURTHOUSE)","River/Stream",40.203089424,-111.656212371,8,2016,"Accepted",NA,25,NA,NA,NA,14000,NA,NA,782,1020,NA,NA,NA,NA,6000,127,850,2.04,NA,NA,"Stream",51,51,51,51,"Tributary",45.1023151814,"Mill Race","YES",34757.4096923,0.00566357779487,c(-111.656212371, 40.203089424),"No",NA,NA,NA,NA,NA,NA,NA
"WFWQC_UT-4996536",2016-09-08,"WFWQC_UT","Wasatch Front Water Quality Council Utah (Volunteer)","Mill Race at mouth 1.25 miles west of I-15","River/Stream",40.197811,-111.676083,9,2016,"Accepted",NA,31,NA,NA,NA,12300,NA,NA,469,1720,NA,NA,NA,NA,5400,75,NA,1.29,NA,NA,"Not specified",NA,NA,NA,NA,NA,NA,"Mill Race",NA,NA,NA,c(NA, NA),"Yes",NA,NA,NA,NA,NA,NA,NA
"WFWQC_UT-4996540",2016-09-13,"WFWQC_UT","Wasatch Front Water Quality Council Utah (Volunteer)","MILL RACE CREEK AT I-15 CROSSING (2 MI S PROVO COURTHOUSE)","River/Stream",40.203089424,-111.656212371,9,2016,"Accepted",NA,23,NA,NA,NA,11900,NA,NA,1080,1180,NA,NA,NA,NA,5800,84,1210,NA,"m3.sec",15.891615,"Stream",51,51,51,51,"Tributary",45.1023151814,"Mill Race","YES",34757.4096923,0.00566357779487,c(-111.656212371, 40.203089424),"No",NA,462.671674723077,NA,45.8783677456497,41.9903704790692,NA,NA
"WFWQC_UT-4996540",2016-10-11,"WFWQC_UT","Wasatch Front Water Quality Council Utah (Volunteer)","MILL RACE CREEK AT I-15 CROSSING (2 MI S PROVO COURTHOUSE)","River/Stream",40.203089424,-111.656212371,10,2016,"Accepted",NA,47,NA,NA,NA,14400,NA,NA,1240,1420,NA,NA,NA,NA,4000,54,1360,2.13,"m3.sec",10.947557,"Stream",51,51,51,51,"Tributary",45.1023151814,"Mill Race","YES",34757.4096923,0.00566357779487,c(-111.656212371, 40.203089424),"No",NA,385.689328844784,NA,38.0332532610828,33.212136650523,NA,NA
"WFWQC_UT-4996536",2016-10-20,"WFWQC_UT","Wasatch Front Water Quality Council Utah (Volunteer)","Mill Race at mouth 1.25 miles west of I-15","River/Stream",40.197811,-111.676083,10,2016,"Accepted",NA,27,NA,NA,NA,13100,NA,NA,1150,1210,NA,NA,NA,NA,8200,137,1140,1.37,NA,NA,"Not specified",NA,NA,NA,NA,NA,NA,"Mill Race",NA,NA,NA,c(NA, NA),"Yes",NA,NA,NA,NA,NA,NA,NA
"WFWQC_UT-4996540",2016-11-09,"WFWQC_UT","Wasatch Front Water Quality Council Utah (Volunteer)","MILL RACE CREEK AT I-15 CROSSING (2 MI S PROVO COURTHOUSE)","River/Stream",40.203089424,-111.656212371,11,2016,"Accepted",NA,85,NA,NA,NA,14400,NA,NA,1290,1370,NA,NA,NA,NA,4700,48,1360,1.25,"m3.sec",14.479027,"Stream",51,51,51,51,"Tributary",45.1023151814,"Mill Race","YES",34757.4096923,0.00566357779487,c(-111.656212371, 40.203089424),"No",NA,510.105241375359,NA,48.5308458808501,45.6969278732092,NA,NA
"WFWQC_UT-4996536",2016-11-10,"WFWQC_UT","Wasatch Front Water Quality Council Utah (Volunteer)","Mill Race at mouth 1.25 miles west of I-15","River/Stream",40.197811,-111.676083,11,2016,"Accepted",NA,1440,NA,NA,NA,12800,NA,NA,1170,1290,NA,NA,NA,NA,4200,32,1240,0.601,NA,NA,"Not specified",NA,NA,NA,NA,NA,NA,"Mill Race",NA,NA,NA,c(NA, NA),"Yes",NA,NA,NA,NA,NA,NA,NA
"WFWQC_UT-4996540",2016-12-21,"WFWQC_UT","Wasatch Front Water Quality Council Utah (Volunteer)","MILL RACE CREEK AT I-15 CROSSING (2 MI S PROVO COURTHOUSE)","River/Stream",40.203089424,-111.656212371,12,2016,"Accepted",NA,13,NA,NA,NA,1550,NA,NA,1020,1100,NA,NA,NA,NA,5400,23,1050,NA,"m3.sec",10.241263,"Stream",51,51,51,51,"Tributary",45.1023151814,"Mill Race","YES",34757.4096923,0.00566357779487,c(-111.656212371, 40.203089424),"No",NA,38.8367726961761,NA,27.5615806230927,25.5571020323224,NA,NA
"WFWQC_UT-4996540",2017-01-25,"WFWQC_UT","Wasatch Front Water Quality Council Utah (Volunteer)","MILL RACE CREEK AT I-15 CROSSING (2 MI S PROVO COURTHOUSE)","River/Stream",40.203089424,-111.656212371,1,2017,"Accepted",NA,160,NA,NA,NA,13100,NA,NA,1060,1080,NA,NA,NA,NA,3200,19,406,1.38,"m3.sec",16.1388179,"Stream",51,51,51,51,"Tributary",45.1023151814,"Mill Race","YES",34757.4096923,0.00566357779487,c(-111.656212371, 40.203089424),"No",NA,517.250516351941,NA,42.6435540198547,41.8538585750426,NA,NA
"WFWQC_UT-4996540",2017-02-16,"WFWQC_UT","Wasatch Front Water Quality Council Utah (Volunteer)","MILL RACE CREEK AT I-15 CROSSING (2 MI S PROVO COURTHOUSE)","River/Stream",40.203089424,-111.656212371,2,2017,"Accepted",NA,124,NA,NA,NA,14500,NA,NA,1260,1290,NA,NA,NA,NA,3800,27,1280,1.32,"m3.sec",19.6702879,"Stream",51,51,51,51,"Tributary",45.1023151814,"Mill Race","YES",34757.4096923,0.00566357779487,c(-111.656212371, 40.203089424),"No",NA,697.809109411939,NA,62.0809483545794,60.6372053695892,NA,NA
"WFWQC_UT-4996540",2017-03-15,"WFWQC_UT","Wasatch Front Water Quality Council Utah (Volunteer)","MILL RACE CREEK AT I-15 CROSSING (2 MI S PROVO COURTHOUSE)",NA,40.203089424,-111.656212371,3,2017,"Accepted",NA,NA,NA,NA,NA,NA,NA,NA,NA,NA,NA,NA,NA,NA,NA,NA,NA,NA,"m3.sec",16.9863707,"Storm Sewer",51,51,51,51,"Tributary",45.1023151814,"Mill Race","YES",34757.4096923,0.00566357779487,c(-111.656212371, 40.203089424),"No",NA,NA,NA,NA,NA,NA,NA
"WFWQC_UT-4996540",2017-04-10,"WFWQC_UT","Wasatch Front Water Quality Council Utah (Volunteer)","MILL RACE CREEK AT I-15 CROSSING (2 MI S PROVO COURTHOUSE)",NA,40.203089424,-111.656212371,4,2017,"Accepted",NA,NA,NA,NA,NA,NA,NA,NA,NA,NA,NA,NA,NA,NA,NA,NA,NA,NA,"m3.sec",22.6367227,"Storm Sewer",51,51,51,51,"Tributary",45.1023151814,"Mill Race","YES",34757.4096923,0.00566357779487,c(-111.656212371, 40.203089424),"No",NA,NA,NA,NA,NA,NA,NA
"WFWQC_UT-4996540",2017-05-10,"WFWQC_UT","Wasatch Front Water Quality Council Utah (Volunteer)","MILL RACE CREEK AT I-15 CROSSING (2 MI S PROVO COURTHOUSE)",NA,40.203089424,-111.656212371,5,2017,"Accepted",NA,NA,NA,NA,NA,NA,NA,NA,NA,NA,NA,NA,NA,NA,NA,NA,NA,NA,"m3.sec",44.496522,"Storm Sewer",51,51,51,51,"Tributary",45.1023151814,"Mill Race","YES",34757.4096923,0.00566357779487,c(-111.656212371, 40.203089424),"No",NA,NA,NA,NA,NA,NA,NA
"UTAHDWQ_WQX-4996540",2017-05-12,"UTAHDWQ_WQX","Utah Department Of Environmental Quality","MILL RACE CREEK AT I-15 CROSSING (2 MI S PROVO COURTHOUSE)","River/Stream",40.203089424,-111.656212371,5,2017,"Accepted",20,48,6960,7070,6950,6930,5150,4120,604,817,NA,NA,NA,NA,NA,NA,NA,NA,"cfs",6.634,"Stream",51,51,51,51,"Tributary",45.1023151814,"Mill Race","YES",34757.4096923,0.00566357779487,c(-111.656212371, 40.203089424),"No",NA,112.477749363302,112.802360472576,13.2603638138266,9.80325550006272,66.8698885103616,83.587360637952
"UTAHDWQ_WQX-4996566",2017-05-12,"UTAHDWQ_WQX","Utah Department Of Environmental Quality","PROVO STATION 6-WLA","River/Stream",40.2021,-111.653656,5,2017,"Accepted",27,50,5160,5200,5190,5100,5110,3480,622,708,NA,NA,NA,NA,NA,NA,NA,NA,"cfs",14.27,"Stream",51,51,51,51,"Tributary",45.1023151814,"Mill Race","YES",34757.4096923,0.00566357779487,c(-111.653656, 40.2021),"No",NA,178.05413551104,181.196267314176,24.7181035180032,21.7156220172288,121.495763054592,178.403261266944
"UTAHDWQ_WQX-4996540",2017-06-12,"UTAHDWQ_WQX","Utah Department Of Environmental Quality","MILL RACE CREEK AT I-15 CROSSING (2 MI S PROVO COURTHOUSE)","River/Stream",40.203089424,-111.656212371,6,2017,"Accepted",66,65,9870,9780,12900,9590,4190,3460,942,1080,NA,NA,NA,NA,NA,NA,NA,NA,"cfs",16.14,"Stream",51,51,51,51,"Tributary",45.1023151814,"Mill Race","YES",34757.4096923,0.00566357779487,c(-111.656212371, 40.203089424),"No",NA,378.686700951552,509.39086989312,42.646677479424,37.1973798014976,136.627318591488,165.453313554432
"UTAHDWQ_WQX-4996566",2017-06-12,"UTAHDWQ_WQX","Utah Department Of Environmental Quality","PROVO STATION 6-WLA","River/Stream",40.2021,-111.653656,6,2017,"Accepted",119,122,7750,7600,8480,7410,3960,3160,915,1000,NA,NA,NA,NA,NA,NA,NA,NA,"cfs",25.82,"Stream",51,51,51,51,"Tributary",45.1023151814,"Mill Race","YES",34757.4096923,0.00566357779487,c(-111.653656, 40.2021),"No",NA,468.093231949824,535.685641961472,63.1704766464,57.800986131456,199.618706202624,250.155087519744
"WFWQC_UT-4996540",2017-06-15,"WFWQC_UT","Wasatch Front Water Quality Council Utah (Volunteer)","MILL RACE CREEK AT I-15 CROSSING (2 MI S PROVO COURTHOUSE)",NA,40.203089424,-111.656212371,6,2017,"Accepted",NA,NA,NA,NA,NA,NA,NA,NA,NA,NA,NA,NA,NA,NA,NA,NA,NA,NA,"m3.sec",23.9786813,"Storm Sewer",51,51,51,51,"Tributary",45.1023151814,"Mill Race","YES",34757.4096923,0.00566357779487,c(-111.656212371, 40.203089424),"No",NA,NA,NA,NA,NA,NA,NA
"UTAHDWQ_WQX-4996540",2017-07-10,"UTAHDWQ_WQX","Utah Department Of Environmental Quality","MILL RACE CREEK AT I-15 CROSSING (2 MI S PROVO COURTHOUSE)","River/Stream",40.203089424,-111.656212371,7,2017,"Accepted",100,83,8320,8440,9290,8570,4640,3470,699,815,NA,NA,NA,NA,NA,NA,NA,NA,"cfs",21.1,"Stream",51,51,51,51,"Tributary",45.1023151814,"Mill Race","YES",34757.4096923,0.00566357779487,c(-111.656212371, 40.203089424),"No",NA,442.40618824704,479.57450277888,42.07246714368,36.084238691328,179.13062697984,239.52913809408
"UTAHDWQ_WQX-4996566",2017-07-10,"UTAHDWQ_WQX","Utah Department Of Environmental Quality","PROVO STATION 6-WLA","River/Stream",40.2021,-111.653656,7,2017,"Accepted",95,75,6950,7100,8140,7250,5490,3170,776,866,NA,NA,NA,NA,NA,NA,NA,NA,"cfs",26.43,"Stream",51,51,51,51,"Tributary",45.1023151814,"Mill Race","YES",34757.4096923,0.00566357779487,c(-111.653656, 40.2021),"No",NA,468.8059182336,526.355886127104,55.9980586469376,50.1783989723136,204.981346317312,354.999240152064
"WFWQC_UT-4996540",2017-07-11,"WFWQC_UT","Wasatch Front Water Quality Council Utah (Volunteer)","MILL RACE CREEK AT I-15 CROSSING (2 MI S PROVO COURTHOUSE)",NA,40.203089424,-111.656212371,7,2017,"Accepted",NA,NA,NA,NA,NA,NA,NA,NA,NA,NA,NA,NA,NA,NA,NA,NA,NA,NA,"m3.sec",31.1828801,"Storm Sewer",51,51,51,51,"Tributary",45.1023151814,"Mill Race","YES",34757.4096923,0.00566357779487,c(-111.656212371, 40.203089424),"No",NA,NA,NA,NA,NA,NA,NA
"UTAHDWQ_WQX-4996540",2017-08-09,"UTAHDWQ_WQX","Utah Department Of Environmental Quality","MILL RACE CREEK AT I-15 CROSSING (2 MI S PROVO COURTHOUSE)","River/Stream",40.203089424,-111.656212371,8,2017,"Accepted",96,54,10300,10300,17700,10100,6670,3150,904,1160,NA,NA,NA,NA,NA,NA,NA,NA,"cfs",15.03,"Stream",51,51,51,51,"Tributary",45.1023151814,"Mill Race","YES",34757.4096923,0.00566357779487,c(-111.656212371, 40.203089424),"No",NA,371.39689645056,650.86386803712,42.655485136896,33.2418608308224,115.83170532864,245.269039537152
"UTAHDWQ_WQX-4996566",2017-08-09,"UTAHDWQ_WQX","Utah Department Of Environmental Quality","PROVO STATION 6-WLA","River/Stream",40.2021,-111.653656,8,2017,"Accepted",130,85,6700,6530,6960,6180,5540,3090,699,907,NA,NA,NA,NA,NA,NA,NA,NA,"cfs",23.57,"Stream",51,51,51,51,"Tributary",45.1023151814,"Mill Race","YES",34757.4096923,0.00566357779487,c(-111.653656, 40.2021),"No",NA,356.373968689152,401.353207455744,52.3027814888448,40.3083178177536,178.186984344576,319.467926624256
"WFWQC_UT-4996540",2017-08-15,"WFWQC_UT","Wasatch Front Water Quality Council Utah (Volunteer)","MILL RACE CREEK AT I-15 CROSSING (2 MI S PROVO COURTHOUSE)",NA,40.203089424,-111.656212371,8,2017,"Accepted",NA,NA,NA,NA,NA,NA,NA,NA,NA,NA,NA,NA,NA,NA,NA,NA,NA,NA,"m3.sec",20.5178407,"Storm Sewer",51,51,51,51,"Tributary",45.1023151814,"Mill Race","YES",34757.4096923,0.00566357779487,c(-111.656212371, 40.203089424),"No",NA,NA,NA,NA,NA,NA,NA
"WFWQC_UT-4996540",2017-09-13,"WFWQC_UT","Wasatch Front Water Quality Council Utah (Volunteer)","MILL RACE CREEK AT I-15 CROSSING (2 MI S PROVO COURTHOUSE)",NA,40.203089424,-111.656212371,9,2017,"Accepted",NA,NA,NA,NA,NA,NA,NA,NA,NA,NA,NA,NA,NA,NA,NA,NA,NA,NA,"m3.sec",12.9604949,"Storm Sewer",51,51,51,51,"Tributary",45.1023151814,"Mill Race","YES",34757.4096923,0.00566357779487,c(-111.656212371, 40.203089424),"No",NA,NA,NA,NA,NA,NA,NA
"UTAHDWQ_WQX-4996540",2017-09-14,"UTAHDWQ_WQX","Utah Department Of Environmental Quality","MILL RACE CREEK AT I-15 CROSSING (2 MI S PROVO COURTHOUSE)","River/Stream",40.203089424,-111.656212371,9,2017,"Accepted",44,63,14200,14200,15500,17400,3940,3780,1220,1480,NA,NA,NA,NA,NA,NA,NA,NA,"cfs",10.73,"Stream",51,51,51,51,"Tributary",45.1023151814,"Mill Race","YES",34757.4096923,0.00566357779487,c(-111.656212371, 40.203089424),"No",NA,456.77979592704,406.9015423488,38.852534366208,32.027089139712,99.231472908288,103.431746893824
"UTAHDWQ_WQX-4996566",2017-09-14,"UTAHDWQ_WQX","Utah Department Of Environmental Quality","PROVO STATION 6-WLA","River/Stream",40.2021,-111.653656,9,2017,"Accepted",32,43,11500,11500,12500,15000,4050,3220,1.385,1320,NA,NA,NA,NA,NA,NA,NA,NA,"cfs",7.364,"Stream",51,51,51,51,"Tributary",45.1023151814,"Mill Race","YES",34757.4096923,0.00566357779487,c(-111.653656, 40.2021),"No",NA,270.2482900992,225.206908416,23.7818495287296,0.0249529254524928,58.0132996079616,72.967038326784
"UTAHDWQ_WQX-4996540",2017-10-09,"UTAHDWQ_WQX","Utah Department Of Environmental Quality","MILL RACE CREEK AT I-15 CROSSING (2 MI S PROVO COURTHOUSE)","River/Stream",40.203089424,-111.656212371,10,2017,"Accepted",45,48,14300,14400,18900,18900,4050,3310,1390,1590,NA,NA,NA,NA,NA,NA,NA,NA,"cfs",16.63,"Stream",51,51,51,51,"Tributary",45.1023151814,"Mill Race","YES",34757.4096923,0.00566357779487,c(-111.656212371, 40.203089424),"No",NA,768.97455473664,768.97455473664,64.691510160384,56.554213284864,134.672263289856,164.78026172928
"UTAHDWQ_WQX-4996566",2017-10-09,"UTAHDWQ_WQX","Utah Department Of Environmental Quality","PROVO STATION 6-WLA","River/Stream",40.2021,-111.653656,10,2017,"Accepted",34,39,13100,13100,16900,17300,3120,2940,1370,1440,NA,NA,NA,NA,NA,NA,NA,NA,"cfs",7.216,"Stream",51,51,51,51,"Tributary",45.1023151814,"Mill Race","YES",34757.4096923,0.00566357779487,c(-111.653656, 40.2021),"No",NA,305.422159527936,298.360375492608,25.4224225271808,24.1866103209984,51.9041126596608,55.0819154755584
"WFWQC_UT-4996540",2017-10-18,"WFWQC_UT","Wasatch Front Water Quality Council Utah (Volunteer)","MILL RACE CREEK AT I-15 CROSSING (2 MI S PROVO COURTHOUSE)","River/Stream",40.203089424,-111.656212371,10,2017,"Accepted",NA,380,NA,NA,NA,22800,NA,NA,1670,1800,NA,NA,NA,NA,4200,130,173,15.1,NA,NA,"Stream",51,51,51,51,"Tributary",45.1023151814,"Mill Race","YES",34757.4096923,0.00566357779487,c(-111.656212371, 40.203089424),"No",NA,NA,NA,NA,NA,NA,NA
"UTAHDWQ_WQX-4996540",2017-11-06,"UTAHDWQ_WQX","Utah Department Of Environmental Quality","MILL RACE CREEK AT I-15 CROSSING (2 MI S PROVO COURTHOUSE)","River/Stream",40.203089424,-111.656212371,11,2017,"Accepted",64,53,12100,11900,15000,17200,3960,3460,2010,1440,NA,NA,NA,NA,NA,NA,NA,NA,"cfs",12.69,"Stream",51,51,51,51,"Tributary",45.1023151814,"Mill Race","YES",34757.4096923,0.00566357779487,c(-111.656212371, 40.203089424),"No",NA,534.00827252736,465.704888832,44.707669327872,62.404455103488,107.422594357248,122.946090651648
"UTAHDWQ_WQX-4996566",2017-11-06,"UTAHDWQ_WQX","Utah Department Of Environmental Quality","PROVO STATION 6-WLA","River/Stream",40.2021,-111.653656,11,2017,"Accepted",61,54,11900,11800,15500,16300,3830,3350,1590,1530,NA,NA,NA,NA,NA,NA,NA,NA,"cfs",9.907,"Stream",51,51,51,51,"Tributary",45.1023151814,"Mill Race","YES",34757.4096923,0.00566357779487,c(-111.653656, 40.2021),"No",NA,395.082399992832,375.69185275392,37.0844215944192,38.5387126373376,81.197916562944,92.8322449062912
"WFWQC_UT-4996540",2017-11-14,"WFWQC_UT","Wasatch Front Water Quality Council Utah (Volunteer)","MILL RACE CREEK AT I-15 CROSSING (2 MI S PROVO COURTHOUSE)","River/Stream",40.203089424,-111.656212371,11,2017,"Accepted",NA,51,NA,NA,NA,16200,NA,NA,1590,1720,NA,NA,NA,NA,3400,25,1500,2.25,"m3.sec",22.6367227,"Stream",51,51,51,51,"Tributary",45.1023151814,"Mill Race","YES",34757.4096923,0.00566357779487,c(-111.656212371, 40.203089424),"No",NA,897.194249236112,NA,95.2576610300069,88.0579540916925,NA,NA
"WFWQC_UT-4996540",2017-12-13,"WFWQC_UT","Wasatch Front Water Quality Council Utah (Volunteer)","MILL RACE CREEK AT I-15 CROSSING (2 MI S PROVO COURTHOUSE)","River/Stream",40.203089424,-111.656212371,12,2017,"Accepted",NA,140,NA,NA,NA,14100,NA,NA,1500,1430,NA,NA,NA,NA,13800,40,1410,NA,"m3.sec",17.7986088,"Stream",51,51,51,51,"Tributary",45.1023151814,"Mill Race","YES",34757.4096923,0.00566357779487,c(-111.656212371, 40.203089424),"No",NA,613.992528338389,NA,62.270164221553,65.3183540785521,NA,NA
"UTAHDWQ_WQX-4996540",2017-12-20,"UTAHDWQ_WQX","Utah Department Of Environmental Quality","MILL RACE CREEK AT I-15 CROSSING (2 MI S PROVO COURTHOUSE)","River/Stream",40.203089424,-111.656212371,12,2017,"Accepted",97,87,12600,12500,12700,12700,2970,2760,1350,1330,NA,NA,NA,NA,NA,NA,NA,NA,"cfs",13.4,"Stream",51,51,51,51,"Tributary",45.1023151814,"Mill Race","YES",34757.4096923,0.00566357779487,c(-111.656212371, 40.203089424),"No",NA,416.3575412736,416.3575412736,43.60279762944,44.2584787968,90.48400109568,97.36865335296
"UTAHDWQ_WQX-4996566",2017-12-20,"UTAHDWQ_WQX","Utah Department Of Environmental Quality","PROVO STATION 6-WLA","River/Stream",40.2021,-111.653656,12,2017,"Accepted",89,82,11900,12000,11900,12100,3190,2830,1240,1300,NA,NA,NA,NA,NA,NA,NA,NA,"cfs",19.04,"Stream",51,51,51,51,"Tributary",45.1023151814,"Mill Race","YES",34757.4096923,0.00566357779487,c(-111.653656, 40.2021),"No",NA,563.65093306368,554.33438871552,60.55753826304,57.762574958592,131.829102526464,148.598882353152
"UTAHDWQ_WQX-4996540",2018-01-10,"UTAHDWQ_WQX","Utah Department Of Environmental Quality","MILL RACE CREEK AT I-15 CROSSING (2 MI S PROVO COURTHOUSE)","River/Stream",40.203089424,-111.656212371,1,2018,"Accepted",109,104,13800,13900,13500,16000,3540,3250,1210,1370,NA,NA,NA,NA,NA,NA,NA,NA,"cfs",14.57,"Stream",51,51,51,51,"Tributary",45.1023151814,"Mill Race","YES",34757.4096923,0.00566357779487,c(-111.656212371, 40.203089424),"No",NA,570.3447527424,481.2283851264,48.835769453568,43.132321926144,115.8512779008,126.188776544256
"UTAHDWQ_WQX-4996566",2018-01-10,"UTAHDWQ_WQX","Utah Department Of Environmental Quality","PROVO STATION 6-WLA","River/Stream",40.2021,-111.653656,1,2018,"Accepted",110,104,13200,13500,13000,15700,4030,3310,1160,1410,NA,NA,NA,NA,NA,NA,NA,NA,"cfs",14.59,"Stream",51,51,51,51,"Tributary",45.1023151814,"Mill Race","YES",34757.4096923,0.00566357779487,c(-111.653656, 40.2021),"No",NA,560.41901208576,464.0412201984,50.330624652288,41.406755033088,118.152033758208,143.852778261504
"WFWQC_UT-4996540",2018-01-10,"WFWQC_UT","Wasatch Front Water Quality Council Utah (Volunteer)","MILL RACE CREEK AT I-15 CROSSING (2 MI S PROVO COURTHOUSE)",NA,40.203089424,-111.656212371,1,2018,"Accepted",NA,NA,NA,NA,NA,NA,NA,NA,NA,NA,NA,NA,NA,NA,NA,NA,NA,NA,"m3.sec",19.6702879,"Storm Sewer",51,51,51,51,"Tributary",45.1023151814,"Mill Race","YES",34757.4096923,0.00566357779487,c(-111.656212371, 40.203089424),"No",NA,NA,NA,NA,NA,NA,NA
"UTAHDWQ_WQX-4996540",2018-02-14,"UTAHDWQ_WQX","Utah Department Of Environmental Quality","MILL RACE CREEK AT I-15 CROSSING (2 MI S PROVO COURTHOUSE)","River/Stream",40.203089424,-111.656212371,2,2018,"Accepted",55,49,13700,13600,14900,14700,3090,3030,1660,1670,NA,NA,NA,NA,NA,NA,NA,NA,"cfs",12.48,"Stream",51,51,51,51,"Tributary",45.1023151814,"Mill Race","YES",34757.4096923,0.00566357779487,c(-111.656212371, 40.203089424),"No",NA,448.83822477312,454.94486728704,50.990464991232,50.685132865536,92.515634085888,94.347626840064
"UTAHDWQ_WQX-4996566",2018-02-14,"UTAHDWQ_WQX","Utah Department Of Environmental Quality","PROVO STATION 6-WLA","River/Stream",40.2021,-111.653656,2,2018,"Accepted",53,49,13200,13100,13900,14400,3100,2960,1660,1620,NA,NA,NA,NA,NA,NA,NA,NA,"cfs",16.36,"Stream",51,51,51,51,"Tributary",45.1023151814,"Mill Race","YES",34757.4096923,0.00566357779487,c(-111.653656, 40.2021),"No",NA,576.37310496768,556.36014993408,64.841974308864,66.443010711552,118.476693798912,124.08032120832
"WFWQC_UT-4996540",2018-02-14,"WFWQC_UT","Wasatch Front Water Quality Council Utah (Volunteer)","MILL RACE CREEK AT I-15 CROSSING (2 MI S PROVO COURTHOUSE)",NA,40.203089424,-111.656212371,2,2018,"Accepted",NA,NA,NA,NA,NA,NA,NA,NA,NA,NA,NA,NA,NA,NA,NA,NA,NA,NA,"m3.sec",17.0216854,"Storm Sewer",51,51,51,51,"Tributary",45.1023151814,"Mill Race","YES",34757.4096923,0.00566357779487,c(-111.656212371, 40.203089424),"No",NA,NA,NA,NA,NA,NA,NA
"WFWQC_UT-4996540",2018-03-07,"WFWQC_UT","Wasatch Front Water Quality Council Utah (Volunteer)","MILL RACE CREEK AT I-15 CROSSING (2 MI S PROVO COURTHOUSE)",NA,40.203089424,-111.656212371,3,2018,"Accepted",NA,NA,NA,NA,NA,NA,NA,NA,NA,NA,NA,NA,NA,NA,NA,NA,NA,NA,"m3.sec",20.2000084,"Storm Sewer",51,51,51,51,"Tributary",45.1023151814,"Mill Race","YES",34757.4096923,0.00566357779487,c(-111.656212371, 40.203089424),"No",NA,NA,NA,NA,NA,NA,NA
"UTAHDWQ_WQX-4996540",2018-03-12,"UTAHDWQ_WQX","Utah Department Of Environmental Quality","MILL RACE CREEK AT I-15 CROSSING (2 MI S PROVO COURTHOUSE)","River/Stream",40.203089424,-111.656212371,3,2018,"Accepted",89,89,15400,15500,13800,15400,3940,3950,1410,1550,NA,NA,NA,NA,NA,NA,NA,NA,"cfs",12.62,"Stream",51,51,51,51,"Tributary",45.1023151814,"Mill Race","YES",34757.4096923,0.00566357779487,c(-111.656212371, 40.203089424),"No",NA,475.48628176896,426.08510963712,47.85738550272,43.534782941184,121.95914370048,121.650386374656
"UTAHDWQ_WQX-4996566",2018-03-12,"UTAHDWQ_WQX","Utah Department Of Environmental Quality","PROVO STATION 6-WLA","River/Stream",40.2021,-111.653656,3,2018,"Accepted",110,98,14400,14400,14500,14400,3920,3890,1360,1490,NA,NA,NA,NA,NA,NA,NA,NA,"cfs",17.32,"Stream",51,51,51,51,"Tributary",45.1023151814,"Mill Race","YES",34757.4096923,0.00566357779487,c(-111.653656, 40.2021),"No",NA,610.19450966016,614.4319715328,63.138181902336,57.629481467904,164.837266845696,166.108505407488
"WFWQC_UT-4996536",2018-03-13,"WFWQC_UT","Wasatch Front Water Quality Council Utah (Volunteer)","Mill Race at mouth 1.25 miles west of I-15",NA,40.197811,-111.676083,3,2018,"Accepted",NA,NA,NA,NA,NA,NA,NA,NA,NA,NA,NA,NA,NA,NA,NA,NA,NA,NA,"m3.sec",7.06294,"Not specified",NA,NA,NA,NA,NA,NA,"Mill Race",NA,NA,NA,c(NA, NA),"Yes",NA,NA,NA,NA,NA,NA,NA
"WFWQC_UT-4996540",2018-04-11,"WFWQC_UT","Wasatch Front Water Quality Council Utah (Volunteer)","MILL RACE CREEK AT I-15 CROSSING (2 MI S PROVO COURTHOUSE)",NA,40.203089424,-111.656212371,4,2018,"Accepted",NA,NA,NA,NA,NA,NA,NA,NA,NA,NA,NA,NA,NA,NA,NA,NA,NA,NA,"m3.sec",17.4454618,"Storm Sewer",51,51,51,51,"Tributary",45.1023151814,"Mill Race","YES",34757.4096923,0.00566357779487,c(-111.656212371, 40.203089424),"No",NA,NA,NA,NA,NA,NA,NA
"UTAHDWQ_WQX-4996540",2018-04-18,"UTAHDWQ_WQX","Utah Department Of Environmental Quality","MILL RACE CREEK AT I-15 CROSSING (2 MI S PROVO COURTHOUSE)","River/Stream",40.203089424,-111.656212371,4,2018,"Accepted",15,15,12200,14100,14200,14300,3610,4160,1170,1350,NA,NA,NA,NA,NA,NA,NA,NA,"cfs",9.062,"Stream",51,51,51,51,"Tributary",45.1023151814,"Mill Race","YES",34757.4096923,0.00566357779487,c(-111.656212371, 40.203089424),"No",NA,317.042884933632,314.825801822208,29.930622004224,25.9398724036608,92.2306574352384,80.0367003224064
"UTAHDWQ_WQX-4996566",2018-04-18,"UTAHDWQ_WQX","Utah Department Of Environmental Quality","PROVO STATION 6-WLA","River/Stream",40.2021,-111.653656,4,2018,"Accepted",15,15,13300,13500,13200,13600,3770,4180,1140,1270,NA,NA,NA,NA,NA,NA,NA,NA,"cfs",18.16,"Stream",51,51,51,51,"Tributary",45.1023151814,"Mill Race","YES",34757.4096923,0.00566357779487,c(-111.653656, 40.2021),"No",NA,604.24444772352,586.47255220224,56.425768280064,50.649902235648,185.716308197376,167.500115288064
"UTAHDWQ_WQX-4996540",2018-05-15,"UTAHDWQ_WQX","Utah Department Of Environmental Quality","MILL RACE CREEK AT I-15 CROSSING (2 MI S PROVO COURTHOUSE)","River/Stream",40.203089424,-111.656212371,5,2018,"Accepted",100,100,9930,10000,11100,12100,3570,3780,921,1030,NA,NA,NA,NA,NA,NA,NA,NA,"cfs",7.69,"Stream",51,51,51,51,"Tributary",45.1023151814,"Mill Race","YES",34757.4096923,0.00566357779487,c(-111.656212371, 40.203089424),"No",NA,227.65103336448,208.83689837568,19.378559038464,17.3278183246848,71.117430257664,67.166461910016
"UTAHDWQ_WQX-4996566",2018-05-15,"UTAHDWQ_WQX","Utah Department Of Environmental Quality","PROVO STATION 6-WLA","River/Stream",40.2021,-111.653656,5,2018,"Accepted",124,117,7830,7920,8420,8460,4120,4150,836,935,NA,NA,NA,NA,NA,NA,NA,NA,"cfs",27.33,"Stream",51,51,51,51,"Tributary",45.1023151814,"Mill Race","YES",34757.4096923,0.00566357779487,c(-111.653656, 40.2021),"No",NA,565.676204967936,563.001612982272,62.518587664896,55.8989725003776,277.48891851264,275.482974523392
"WFWQC_UT-4996540",2018-05-16,"WFWQC_UT","Wasatch Front Water Quality Council Utah (Volunteer)","MILL RACE CREEK AT I-15 CROSSING (2 MI S PROVO COURTHOUSE)","River/Stream",40.203089424,-111.656212371,5,2018,"Accepted",NA,103,NA,NA,NA,12600,NA,NA,1040,1120,NA,NA,NA,NA,10400,78,1050,3,"m3.sec",18.8933645,"Stream",51,51,51,51,"Tributary",45.1023151814,"Mill Race","YES",34757.4096923,0.00566357779487,c(-111.656212371, 40.203089424),"No",NA,582.421990533756,NA,51.7708436030005,48.0729262027862,NA,NA
"WFWQC_UT-4996536",2018-05-17,"WFWQC_UT","Wasatch Front Water Quality Council Utah (Volunteer)","Mill Race at mouth 1.25 miles west of I-15","River/Stream",40.197811,-111.676083,5,2018,"Accepted",NA,152,NA,NA,NA,NA,NA,NA,858,1030,NA,NA,NA,NA,9440,122,940,NA,"m3.sec",6.8157371,"Not specified",NA,NA,NA,NA,NA,NA,"Mill Race",NA,NA,NA,c(NA, NA),"Yes",NA,NA,NA,17.1754439249674,14.3073115413806,NA,NA
"UTAHDWQ_WQX-4996540",2018-06-10,"UTAHDWQ_WQX","Utah Department Of Environmental Quality","MILL RACE CREEK AT I-15 CROSSING (2 MI S PROVO COURTHOUSE)","River/Stream",40.203089424,-111.656212371,6,2018,"Accepted",43,51,12300,12200,13900,16100,4500,4600,1370,1440,NA,NA,NA,NA,NA,NA,NA,NA,"cfs",6.086,"Stream",51,51,51,51,"Tributary",45.1023151814,"Mill Race","YES",34757.4096923,0.00566357779487,c(-111.656212371, 40.203089424),"No",NA,239.726331758592,206.968696363008,21.4413613498368,20.3990729508864,68.493237645312,67.00425421824
"UTAHDWQ_WQX-4996566",2018-06-10,"UTAHDWQ_WQX","Utah Department Of Environmental Quality","PROVO STATION 6-WLA","River/Stream",40.2021,-111.653656,6,2018,"Accepted",40,38,13400,13400,15200,15400,4320,3870,1540,1670,NA,NA,NA,NA,NA,NA,NA,NA,"cfs",15.9,"Stream",51,51,51,51,"Tributary",45.1023151814,"Mill Race","YES",34757.4096923,0.00566357779487,c(-111.653656, 40.2021),"No",NA,599.0675023872,591.2874049536,64.96381357056,59.90675023872,150.54488534016,168.05010456576
"WFWQC_UT-4996540",2018-06-13,"WFWQC_UT","Wasatch Front Water Quality Council Utah (Volunteer)","MILL RACE CREEK AT I-15 CROSSING (2 MI S PROVO COURTHOUSE)","River/Stream",40.203089424,-111.656212371,6,2018,"Accepted",NA,NA,NA,NA,NA,14500,NA,NA,1410,1520,NA,NA,NA,NA,11500,117,1420,7.13,"m3.sec",12.9604949,"Stream",51,51,51,51,"Tributary",45.1023151814,"Mill Race","YES",34757.4096923,0.00566357779487,c(-111.656212371, 40.203089424),"No",NA,459.777276757956,NA,48.1973421153168,44.7093765674978,NA,NA
"WFWQC_UT-4996536",2018-06-20,"WFWQC_UT","Wasatch Front Water Quality Council Utah (Volunteer)","Mill Race at mouth 1.25 miles west of I-15","River/Stream",40.197811,-111.676083,6,2018,"Accepted",NA,65,NA,NA,NA,10900,NA,NA,987,1160,NA,NA,NA,NA,9690,133,1080,2.89,"m3.sec",13.0311243,"Not specified",NA,NA,NA,NA,NA,NA,"Mill Race",NA,NA,NA,c(NA, NA),"Yes",NA,347.509195686963,NA,36.9826299997135,31.4671170773425,NA,NA
"UTAHDWQ_WQX-4996540",2018-07-09,"UTAHDWQ_WQX","Utah Department Of Environmental Quality","MILL RACE CREEK AT I-15 CROSSING (2 MI S PROVO COURTHOUSE)","River/Stream",40.203089424,-111.656212371,7,2018,"Accepted",121,118,11400,11900,12900,15000,9570,4930,1290,1800,NA,NA,NA,NA,NA,NA,NA,NA,"cfs",3.68,"Stream",51,51,51,51,"Tributary",45.1023151814,"Mill Race","YES",34757.4096923,0.00566357779487,c(-111.656212371, 40.203089424),"No",NA,135.050747904,116.14364319744,16.20608974848,11.614364319744,44.386679144448,86.162377162752
"UTAHDWQ_WQX-4996566",2018-07-09,"UTAHDWQ_WQX","Utah Department Of Environmental Quality","PROVO STATION 6-WLA","River/Stream",40.2021,-111.653656,7,2018,"Accepted",284,257,9000,9290,10200,10000,9330,4740,1310,1580,NA,NA,NA,NA,NA,NA,NA,NA,"cfs",14.95,"Stream",51,51,51,51,"Tributary",45.1023151814,"Mill Race","YES",34757.4096923,0.00566357779487,c(-111.653656, 40.2021),"No",NA,365.76244224,373.0776910848,57.79046587392,47.91487993344,173.37139762176,341.25635860992
"WFWQC_UT-4996540",2018-07-18,"WFWQC_UT","Wasatch Front Water Quality Council Utah (Volunteer)","MILL RACE CREEK AT I-15 CROSSING (2 MI S PROVO COURTHOUSE)","River/Stream",40.203089424,-111.656212371,7,2018,"Accepted",NA,124,NA,NA,NA,6410,NA,NA,1380,1490,NA,NA,NA,NA,7770,304,1380,0.098,"m3.sec",15.9622444,"Stream",51,51,51,51,"Tributary",45.1023151814,"Mill Race","YES",34757.4096923,0.00566357779487,c(-111.656212371, 40.203089424),"No",NA,250.328272009088,NA,58.188631091036,53.8928261111609,NA,NA
"WFWQC_UT-4996536",2018-08-01,"WFWQC_UT","Wasatch Front Water Quality Council Utah (Volunteer)","Mill Race at mouth 1.25 miles west of I-15",NA,40.197811,-111.676083,8,2018,"Accepted",NA,NA,NA,NA,NA,NA,NA,NA,NA,NA,NA,NA,NA,NA,NA,NA,NA,NA,"m3.sec",21.895114,"Not specified",NA,NA,NA,NA,NA,NA,"Mill Race",NA,NA,NA,c(NA, NA),"Yes",NA,NA,NA,NA,NA,NA,NA
"UTAHDWQ_WQX-4996540",2018-08-07,"UTAHDWQ_WQX","Utah Department Of Environmental Quality","MILL RACE CREEK AT I-15 CROSSING (2 MI S PROVO COURTHOUSE)","River/Stream",40.203089424,-111.656212371,8,2018,"Accepted",80,94,9400,9430,9820,9750,5420,4120,528,706,NA,NA,NA,NA,NA,NA,NA,NA,"cfs",5.48,"Stream",51,51,51,51,"Tributary",45.1023151814,"Mill Race","YES",34757.4096923,0.00566357779487,c(-111.656212371, 40.203089424),"No",NA,130.7203163136,131.658821148672,9.4654916222976,7.0790078988288,55.237713149952,72.667088658432
"UTAHDWQ_WQX-4996566",2018-08-07,"UTAHDWQ_WQX","Utah Department Of Environmental Quality","PROVO STATION 6-WLA","River/Stream",40.2021,-111.653656,8,2018,"Accepted",133,145,7270,7270,7910,7440,5490,3990,518,735,NA,NA,NA,NA,NA,NA,NA,NA,"cfs",20.4,"Stream",51,51,51,51,"Tributary",45.1023151814,"Mill Race","YES",34757.4096923,0.00566357779487,c(-111.653656, 40.2021),"No",NA,371.33083901952,394.78856675328,36.68389337088,25.853410566144,199.14113544192,274.00622395392
"WFWQC_UT-4996540",2018-08-15,"WFWQC_UT","Wasatch Front Water Quality Council Utah (Volunteer)","MILL RACE CREEK AT I-15 CROSSING (2 MI S PROVO COURTHOUSE)","River/Stream",40.203089424,-111.656212371,8,2018,"Accepted",NA,153,NA,NA,NA,11000,NA,NA,789,844,NA,NA,NA,NA,8720,124,785,1.95,"m3.sec",14.8674887,"Stream",51,51,51,51,"Tributary",45.1023151814,"Mill Race","YES",34757.4096923,0.00566357779487,c(-111.656212371, 40.203089424),"No",NA,400.11811870076,NA,30.6999720166765,28.6993814231727,NA,NA
"WFWQC_UT-4996536",2018-08-28,"WFWQC_UT","Wasatch Front Water Quality Council Utah (Volunteer)","Mill Race at mouth 1.25 miles west of I-15",NA,40.197811,-111.676083,8,2018,"Accepted",NA,NA,NA,NA,NA,NA,NA,NA,NA,NA,NA,NA,NA,NA,NA,NA,NA,NA,"m3.sec",28.7108511,"Not specified",NA,NA,NA,NA,NA,NA,"Mill Race",NA,NA,NA,c(NA, NA),"Yes",NA,NA,NA,NA,NA,NA,NA
"WFWQC_UT-4996540",2018-09-11,"WFWQC_UT","Wasatch Front Water Quality Council Utah (Volunteer)","MILL RACE CREEK AT I-15 CROSSING (2 MI S PROVO COURTHOUSE)",NA,40.203089424,-111.656212371,9,2018,"Accepted",NA,NA,NA,NA,NA,NA,NA,NA,NA,NA,NA,NA,NA,NA,NA,NA,NA,NA,"m3.sec",14.4083976,"Storm Sewer",51,51,51,51,"Tributary",45.1023151814,"Mill Race","YES",34757.4096923,0.00566357779487,c(-111.656212371, 40.203089424),"No",NA,NA,NA,NA,NA,NA,NA
"UTAHDWQ_WQX-4996540",2018-09-17,"UTAHDWQ_WQX","Utah Department Of Environmental Quality","MILL RACE CREEK AT I-15 CROSSING (2 MI S PROVO COURTHOUSE)","River/Stream",40.203089424,-111.656212371,9,2018,"Accepted",124,167,12100,12000,12100,11900,6040,3600,1410,1430,NA,NA,NA,NA,NA,NA,NA,NA,"cfs",6.21,"Stream",51,51,51,51,"Tributary",45.1023151814,"Mill Race","YES",34757.4096923,0.00566357779487,c(-111.656212371, 40.203089424),"No",NA,180.79918875648,183.83783058432,21.726289069056,21.422424886272,54.69555290112,91.766983200768
"UTAHDWQ_WQX-4996566",2018-09-17,"UTAHDWQ_WQX","Utah Department Of Environmental Quality","PROVO STATION 6-WLA","River/Stream",40.2021,-111.653656,9,2018,"Accepted",141,183,11000,9590,11300,11000,6300,3610,1370,1430,NA,NA,NA,NA,NA,NA,NA,NA,"cfs",9.84,"Stream",51,51,51,51,"Tributary",45.1023151814,"Mill Race","YES",34757.4096923,0.00566357779487,c(-111.653656, 40.2021),"No",NA,264.8169013248,272.03918045184,34.426197172224,32.981741346816,86.908092162048,151.66786166784
"UTAHDWQ_WQX-4996540",2018-10-09,"UTAHDWQ_WQX","Utah Department Of Environmental Quality","MILL RACE CREEK AT I-15 CROSSING (2 MI S PROVO COURTHOUSE)","River/Stream",40.203089424,-111.656212371,10,2018,"Accepted",116,119,9200,9150,9710,9790,7600,4180,996,1210,NA,NA,NA,NA,NA,NA,NA,NA,"cfs",6.4,"Stream",51,51,51,51,"Tributary",45.1023151814,"Mill Race","YES",34757.4096923,0.00566357779487,c(-111.656212371, 40.203089424),"No",NA,153.29238515712,152.03974053888,18.94624985088,15.595425497088,65.45068130304,119.0012387328
"UTAHDWQ_WQX-4996566",2018-10-09,"UTAHDWQ_WQX","Utah Department Of Environmental Quality","PROVO STATION 6-WLA","River/Stream",40.2021,-111.653656,10,2018,"Accepted",124,117,8940,8870,9310,9270,7020,4140,1020,1360,NA,NA,NA,NA,NA,NA,NA,NA,"cfs",6.3,"Stream",51,51,51,51,"Tributary",45.1023151814,"Mill Race","YES",34757.4096923,0.00566357779487,c(-111.653656, 40.2021),"No",NA,142.88222333952,143.49875936256,20.96222478336,15.72166858752,63.81147838464,108.20207204352
"WFWQC_UT-4996540",2018-10-09,"WFWQC_UT","Wasatch Front Water Quality Council Utah (Volunteer)","MILL RACE CREEK AT I-15 CROSSING (2 MI S PROVO COURTHOUSE)",NA,40.203089424,-111.656212371,10,2018,"Accepted",NA,NA,NA,NA,NA,NA,NA,NA,NA,NA,NA,NA,NA,NA,NA,NA,NA,NA,"m3.sec",13.2783272,"Storm Sewer",51,51,51,51,"Tributary",45.1023151814,"Mill Race","YES",34757.4096923,0.00566357779487,c(-111.656212371, 40.203089424),"No",NA,NA,NA,NA,NA,NA,NA
"WFWQC_UT-4996540",2018-10-18,"WFWQC_UT","Wasatch Front Water Quality Council Utah (Volunteer)","MILL RACE CREEK AT I-15 CROSSING (2 MI S PROVO COURTHOUSE)",NA,40.203089424,-111.656212371,10,2018,"Accepted",NA,NA,NA,NA,NA,NA,NA,NA,NA,NA,NA,NA,NA,NA,NA,NA,NA,NA,"m3.sec",24.9674929,"Storm Sewer",51,51,51,51,"Tributary",45.1023151814,"Mill Race","YES",34757.4096923,0.00566357779487,c(-111.656212371, 40.203089424),"No",NA,NA,NA,NA,NA,NA,NA
"UTAHDWQ_WQX-4996540",2018-11-13,"UTAHDWQ_WQX","Utah Department Of Environmental Quality","MILL RACE CREEK AT I-15 CROSSING (2 MI S PROVO COURTHOUSE)","River/Stream",40.203089424,-111.656212371,11,2018,"Accepted",89,84,13500,14500,15500,15700,3040,3090,688,733,NA,NA,NA,NA,NA,NA,NA,NA,"cfs",10.14,"Stream",51,51,51,51,"Tributary",45.1023151814,"Mill Race","YES",34757.4096923,0.00566357779487,c(-111.656212371, 40.203089424),"No",NA,389.48929284096,384.5276457984,18.1844364109824,17.0680658264064,76.657446807552,75.417035046912
"UTAHDWQ_WQX-4996566",2018-11-13,"UTAHDWQ_WQX","Utah Department Of Environmental Quality","PROVO STATION 6-WLA","River/Stream",40.2021,-111.653656,11,2018,"Accepted",98,99,13200,14000,14400,13600,3160,3270,747,778,NA,NA,NA,NA,NA,NA,NA,NA,"cfs",11.6,"Stream",51,51,51,51,"Tributary",45.1023151814,"Mill Race","YES",34757.4096923,0.00566357779487,c(-111.653656, 40.2021),"No",NA,385.9711229952,408.6753067008,22.079818653696,21.200031535104,92.80335089664,89.68152563712
"WFWQC_UT-4996540",2018-11-13,"WFWQC_UT","Wasatch Front Water Quality Council Utah (Volunteer)","MILL RACE CREEK AT I-15 CROSSING (2 MI S PROVO COURTHOUSE)",NA,40.203089424,-111.656212371,11,2018,"Accepted",NA,NA,NA,NA,NA,NA,NA,NA,NA,NA,NA,NA,NA,NA,NA,NA,NA,NA,"m3.sec",22.3542051,"Storm Sewer",51,51,51,51,"Tributary",45.1023151814,"Mill Race","YES",34757.4096923,0.00566357779487,c(-111.656212371, 40.203089424),"No",NA,NA,NA,NA,NA,NA,NA
"UTAHDWQ_WQX-4996540",2018-12-10,"UTAHDWQ_WQX","Utah Department Of Environmental Quality","MILL RACE CREEK AT I-15 CROSSING (2 MI S PROVO COURTHOUSE)","River/Stream",40.203089424,-111.656212371,12,2018,"Accepted",103,88,13700,13600,16700,16700,4160,3820,1170,1200,NA,NA,NA,NA,NA,NA,NA,NA,"cfs",11.77,"Stream",51,51,51,51,"Tributary",45.1023151814,"Mill Race","YES",34757.4096923,0.00566357779487,c(-111.656212371, 40.203089424),"No",NA,480.89565139968,480.89565139968,34.55537614848,33.691491744768,110.001280739328,119.791970648064
"UTAHDWQ_WQX-4996566",2018-12-10,"UTAHDWQ_WQX","Utah Department Of Environmental Quality","PROVO STATION 6-WLA","River/Stream",40.2021,-111.653656,12,2018,"Accepted",94,83,13800,13600,16400,15800,4040,3860,1180,1240,NA,NA,NA,NA,NA,NA,NA,NA,"cfs",7.74,"Stream",51,51,51,51,"Tributary",45.1023151814,"Mill Race","YES",34757.4096923,0.00566357779487,c(-111.653656, 40.2021),"No",NA,299.19612432384,310.55800246272,23.481214820352,22.345027006464,73.094749360128,76.503312801792
"WFWQC_UT-4996540",2018-12-12,"WFWQC_UT","Wasatch Front Water Quality Council Utah (Volunteer)","MILL RACE CREEK AT I-15 CROSSING (2 MI S PROVO COURTHOUSE)",NA,40.203089424,-111.656212371,12,2018,"Accepted",NA,NA,NA,NA,NA,NA,NA,NA,NA,NA,NA,NA,NA,NA,NA,NA,NA,NA,"m3.sec",30.8650478,"Storm Sewer",51,51,51,51,"Tributary",45.1023151814,"Mill Race","YES",34757.4096923,0.00566357779487,c(-111.656212371, 40.203089424),"No",NA,NA,NA,NA,NA,NA,NA
"WFWQC_UT-4996540",2019-01-15,"WFWQC_UT","Wasatch Front Water Quality Council Utah (Volunteer)","MILL RACE CREEK AT I-15 CROSSING (2 MI S PROVO COURTHOUSE)","River/Stream",40.203089424,-111.656212371,1,2019,"Accepted",NA,83,NA,NA,NA,NA,NA,NA,1460,1560,NA,NA,NA,NA,16200,36,1500,0.831,NA,NA,"Stream",51,51,51,51,"Tributary",45.1023151814,"Mill Race","YES",34757.4096923,0.00566357779487,c(-111.656212371, 40.203089424),"No",NA,NA,NA,NA,NA,NA,NA
"UTAHDWQ_WQX-4996540",2019-01-16,"UTAHDWQ_WQX","Utah Department Of Environmental Quality","MILL RACE CREEK AT I-15 CROSSING (2 MI S PROVO COURTHOUSE)","River/Stream",40.203089424,-111.656212371,1,2019,"Accepted",60,55,15700,15800,17700,16800,3920,3690,1370,1420,NA,NA,NA,NA,NA,NA,NA,NA,"cfs",8.83,"Stream",51,51,51,51,"Tributary",45.1023151814,"Mill Race","YES",34757.4096923,0.00566357779487,c(-111.656212371, 40.203089424),"No",NA,362.93420556288,382.37710943232,30.676581660672,29.596420334592,79.715905864704,84.684647964672
"UTAHDWQ_WQX-4996566",2019-01-16,"UTAHDWQ_WQX","Utah Department Of Environmental Quality","PROVO STATION 6-WLA","River/Stream",40.2021,-111.653656,1,2019,"Accepted",52,48,15500,15600,17000,16400,3910,3510,1410,1410,NA,NA,NA,NA,NA,NA,NA,NA,"cfs",18.36,"Stream",51,51,51,51,"Tributary",45.1023151814,"Mill Race","YES",34757.4096923,0.00566357779487,c(-111.653656, 40.2021),"No",NA,736.67247095808,763.6239028224,63.335864881152,63.335864881152,157.665876406272,175.633497649152
"WFWQC_UT-4996540",2019-02-12,"WFWQC_UT","Wasatch Front Water Quality Council Utah (Volunteer)","MILL RACE CREEK AT I-15 CROSSING (2 MI S PROVO COURTHOUSE)","River/Stream",40.203089424,-111.656212371,2,2019,"Accepted",NA,88,NA,NA,NA,NA,NA,NA,1430,1480,NA,NA,NA,NA,12700,26,1430,NA,NA,NA,"Stream",51,51,51,51,"Tributary",45.1023151814,"Mill Race","YES",34757.4096923,0.00566357779487,c(-111.656212371, 40.203089424),"No",NA,NA,NA,NA,NA,NA,NA
"UTAHDWQ_WQX-4996540",2019-02-19,"UTAHDWQ_WQX","Utah Department Of Environmental Quality","MILL RACE CREEK AT I-15 CROSSING (2 MI S PROVO COURTHOUSE)","River/Stream",40.203089424,-111.656212371,2,2019,"Accepted",65,62,13700,13900,14700,15800,3960,4010,1180,1270,NA,NA,NA,NA,NA,NA,NA,NA,"cfs",7.99,"Stream",51,51,51,51,"Tributary",45.1023151814,"Mill Race","YES",34757.4096923,0.00566357779487,c(-111.656212371, 40.203089424),"No",NA,308.86008182784,287.35716473856,24.826095184896,23.066765604864,78.387906843648,77.410501521408
"UTAHDWQ_WQX-4996566",2019-02-19,"UTAHDWQ_WQX","Utah Department Of Environmental Quality","PROVO STATION 6-WLA","River/Stream",40.2021,-111.653656,2,2019,"Accepted",66,62,12900,12900,14200,15000,4300,4240,1150,1200,NA,NA,NA,NA,NA,NA,NA,NA,"cfs",9.78,"Stream",51,51,51,51,"Tributary",45.1023151814,"Mill Race","YES",34757.4096923,0.00566357779487,c(-111.653656, 40.2021),"No",NA,358.912041984,339.77006641152,28.71296335872,27.51658988544,101.452470534144,102.88811870208
"WFWQC_UT-4996540",2019-03-20,"WFWQC_UT","Wasatch Front Water Quality Council Utah (Volunteer)","MILL RACE CREEK AT I-15 CROSSING (2 MI S PROVO COURTHOUSE)","River/Stream",40.203089424,-111.656212371,3,2019,"Accepted",NA,11,NA,NA,NA,NA,NA,NA,1310,1450,NA,NA,NA,NA,14800,88,1340,3.04,NA,NA,"Stream",51,51,51,51,"Tributary",45.1023151814,"Mill Race","YES",34757.4096923,0.00566357779487,c(-111.656212371, 40.203089424),"No",NA,NA,NA,NA,NA,NA,NA
"UTAHDWQ_WQX-4996540",2019-04-02,"UTAHDWQ_WQX","Utah Department Of Environmental Quality","MILL RACE CREEK AT I-15 CROSSING (2 MI S PROVO COURTHOUSE)","River/Stream",40.203089424,-111.656212371,4,2019,"Accepted",70,69,13300,13200,14500,14600,3990,4550,1190,1410,NA,NA,NA,NA,NA,NA,NA,NA,"cfs",17,"Stream",51,51,51,51,"Tributary",45.1023151814,"Mill Race","YES",34757.4096923,0.00566357779487,c(-111.656212371, 40.203089424),"No",NA,607.239051264,603.07987968,58.6443193344,49.4941418496,189.242307072,165.9509462016
"UTAHDWQ_WQX-4996566",2019-04-02,"UTAHDWQ_WQX","Utah Department Of Environmental Quality","PROVO STATION 6-WLA","River/Stream",40.2021,-111.653656,4,2019,"Accepted",96,107,8770,8920,9610,9740,4300,4530,970,1090,NA,NA,NA,NA,NA,NA,NA,NA,"cfs",24.3,"Stream",51,51,51,51,"Tributary",45.1023151814,"Mill Race","YES",34757.4096923,0.00566357779487,c(-111.653656, 40.2021),"No",NA,579.05944049664,571.33072106496,64.80233985024,57.66813729792,269.31614635008,255.6422581248
"WFWQC_UT-4996540",2019-04-03,"WFWQC_UT","Wasatch Front Water Quality Council Utah (Volunteer)","MILL RACE CREEK AT I-15 CROSSING (2 MI S PROVO COURTHOUSE)","River/Stream",40.203089424,-111.656212371,4,2019,"Accepted",NA,74,NA,NA,NA,NA,NA,NA,1420,1660,NA,NA,NA,NA,12100,85,1430,0.814,NA,NA,"Stream",51,51,51,51,"Tributary",45.1023151814,"Mill Race","YES",34757.4096923,0.00566357779487,c(-111.656212371, 40.203089424),"No",NA,NA,NA,NA,NA,NA,NA
"WFWQC_UT-4996536",2019-04-04,"WFWQC_UT","Wasatch Front Water Quality Council Utah (Volunteer)","Mill Race at mouth 1.25 miles west of I-15","River/Stream",40.197811,-111.676083,4,2019,"Accepted",NA,130,NA,NA,NA,NA,NA,NA,1170,1250,NA,NA,NA,NA,10400,95,1130,1.21,NA,NA,"Not specified",NA,NA,NA,NA,NA,NA,"Mill Race",NA,NA,NA,c(NA, NA),"Yes",NA,NA,NA,NA,NA,NA,NA
"UTAHDWQ_WQX-4996540",2019-04-17,"UTAHDWQ_WQX","Utah Department Of Environmental Quality","MILL RACE CREEK AT I-15 CROSSING (2 MI S PROVO COURTHOUSE)","River/Stream",40.203089424,-111.656212371,4,2019,"Accepted",72,63,12900,13000,14400,14500,3960,4230,1030,1220,NA,NA,NA,NA,NA,NA,NA,NA,"cfs",8.55,"Stream",51,51,51,51,"Tributary",45.1023151814,"Mill Race","YES",34757.4096923,0.00566357779487,c(-111.656212371, 40.203089424),"No",NA,303.313704192,301.2218855424,25.52018752512,21.54573209088,88.48392887808,82.83601852416
"UTAHDWQ_WQX-4996566",2019-04-17,"UTAHDWQ_WQX","Utah Department Of Environmental Quality","PROVO STATION 6-WLA","River/Stream",40.2021,-111.653656,4,2019,"Accepted",77,65,11800,12000,13200,13100,4200,3970,970,1250,NA,NA,NA,NA,NA,NA,NA,NA,"cfs",12.42,"Stream",51,51,51,51,"Tributary",45.1023151814,"Mill Race","YES",34757.4096923,0.00566357779487,c(-111.653656, 40.2021),"No",NA,398.06207944704,401.10072127488,37.983022848,29.474825730048,120.634080565248,127.62295676928
"WFWQC_UT-4996536",2019-05-09,"WFWQC_UT","Wasatch Front Water Quality Council Utah (Volunteer)","Mill Race at mouth 1.25 miles west of I-15","River/Stream",40.197811,-111.676083,5,2019,"Accepted",NA,40,NA,NA,NA,NA,NA,NA,222,278,NA,NA,NA,NA,1098.5,26,191.5,NA,NA,NA,"Not specified",NA,NA,NA,NA,NA,NA,"Mill Race",NA,NA,NA,c(NA, NA),"Yes",NA,NA,NA,NA,NA,NA,NA
"WFWQC_UT-4996540",2019-05-14,"WFWQC_UT","Wasatch Front Water Quality Council Utah (Volunteer)","MILL RACE CREEK AT I-15 CROSSING (2 MI S PROVO COURTHOUSE)","River/Stream",40.203089424,-111.656212371,5,2019,"Accepted",NA,30,NA,NA,NA,NA,NA,NA,781,902,NA,NA,NA,NA,9870,86,803,0.981,NA,NA,"Stream",51,51,51,51,"Tributary",45.1023151814,"Mill Race","YES",34757.4096923,0.00566357779487,c(-111.656212371, 40.203089424),"No",NA,NA,NA,NA,NA,NA,NA
"UTAHDWQ_WQX-4996540",2019-05-15,"UTAHDWQ_WQX","Utah Department Of Environmental Quality","MILL RACE CREEK AT I-15 CROSSING (2 MI S PROVO COURTHOUSE)","River/Stream",40.203089424,-111.656212371,5,2019,"Accepted",105,93,10600,10700,12200,11900,4000,3870,849,977,NA,NA,NA,NA,NA,NA,NA,NA,"cfs",8.6,"Stream",51,51,51,51,"Tributary",45.1023151814,"Mill Race","YES",34757.4096923,0.00566357779487,c(-111.656212371, 40.203089424),"No",NA,250.3821293568,256.6942838784,20.556583225344,17.863397296128,81.42679332864,84.162060288
"UTAHDWQ_WQX-4996566",2019-05-15,"UTAHDWQ_WQX","Utah Department Of Environmental Quality","PROVO STATION 6-WLA","River/Stream",40.2021,-111.653656,5,2019,"Accepted",112,99,9380,9630,11400,10300,5620,3840,887,1020,NA,NA,NA,NA,NA,NA,NA,NA,"cfs",13.5,"Stream",51,51,51,51,"Tributary",45.1023151814,"Mill Race","YES",34757.4096923,0.00566357779487,c(-111.653656, 40.2021),"No",NA,340.195769856,376.527356928,33.6892898304,29.29647066624,126.8302675968,185.6213812224
"WFWQC_UT-4996540",2019-06-12,"WFWQC_UT","Wasatch Front Water Quality Council Utah (Volunteer)","MILL RACE CREEK AT I-15 CROSSING (2 MI S PROVO COURTHOUSE)","River/Stream",40.203089424,-111.656212371,6,2019,"Accepted",NA,93,NA,NA,NA,NA,NA,NA,900,986,NA,NA,NA,NA,9140,84,958,NA,NA,NA,"Stream",51,51,51,51,"Tributary",45.1023151814,"Mill Race","YES",34757.4096923,0.00566357779487,c(-111.656212371, 40.203089424),"No",NA,NA,NA,NA,NA,NA,NA
"WFWQC_UT-4996536",2019-06-18,"WFWQC_UT","Wasatch Front Water Quality Council Utah (Volunteer)","Mill Race at mouth 1.25 miles west of I-15","River/Stream",40.197811,-111.676083,6,2019,"Accepted",NA,156,NA,NA,NA,NA,NA,NA,1430,1450,NA,NA,NA,NA,848,134,1390,NA,NA,NA,"Not specified",NA,NA,NA,NA,NA,NA,"Mill Race",NA,NA,NA,c(NA, NA),"Yes",NA,NA,NA,NA,NA,NA,NA
"UTAHDWQ_WQX-4996540",2019-06-19,"UTAHDWQ_WQX","Utah Department Of Environmental Quality","MILL RACE CREEK AT I-15 CROSSING (2 MI S PROVO COURTHOUSE)","River/Stream",40.203089424,-111.656212371,6,2019,"Accepted",59,60,8920,8930,9660,9730,4500,4160,1080,1190,NA,NA,NA,NA,NA,NA,NA,NA,"cfs",4.3,"Stream",51,51,51,51,"Tributary",45.1023151814,"Mill Race","YES",34757.4096923,0.00566357779487,c(-111.656212371, 40.203089424),"No",NA,102.36210582528,101.62568779776,12.51910646784,11.36187813888,43.76427134976,47.341158912
"UTAHDWQ_WQX-4996566",2019-06-19,"UTAHDWQ_WQX","Utah Department Of Environmental Quality","PROVO STATION 6-WLA","River/Stream",40.2021,-111.653656,6,2019,"Accepted",35,42,7450,7380,7960,8270,4510,4860,1040,NA,NA,NA,NA,NA,NA,NA,NA,NA,"cfs",17.9,"Stream",51,51,51,51,"Tributary",45.1023151814,"Mill Race","YES",34757.4096923,0.00566357779487,c(-111.653656, 40.2021),"No",NA,362.17332182016,348.59729645568,NA,45.54537541632,212.83704281088,197.50927223808
"UTAHDWQ_WQX-4996540",2019-07-09,"UTAHDWQ_WQX","Utah Department Of Environmental Quality","MILL RACE CREEK AT I-15 CROSSING (2 MI S PROVO COURTHOUSE)","River/Stream",40.203089424,-111.656212371,7,2019,"Accepted",36,23,9720,9610,9970,9920,8720,5140,892,1130,NA,NA,NA,NA,NA,NA,NA,NA,"cfs",5.3,"Stream",51,51,51,51,"Tributary",45.1023151814,"Mill Race","YES",34757.4096923,0.00566357779487,c(-111.656212371, 40.203089424),"No",NA,128.63094423552,129.27928568832,14.65251683328,11.566411517952,66.64950134784,113.07074936832
"UTAHDWQ_WQX-4996566",2019-07-09,"UTAHDWQ_WQX","Utah Department Of Environmental Quality","PROVO STATION 6-WLA","River/Stream",40.2021,-111.653656,7,2019,"Accepted",65,52,3880,3830,4210,4190,10200,4840,469,667,NA,NA,NA,NA,NA,NA,NA,NA,"cfs",8.85,"Stream",51,51,51,51,"Tributary",45.1023151814,"Mill Race","YES",34757.4096923,0.00566357779487,c(-111.653656, 40.2021),"No",NA,90.72254181888,91.15558497792,14.441989353984,10.154862079488,104.79644448768,220.8520111104
"WFWQC_UT-4996540",2019-07-17,"WFWQC_UT","Wasatch Front Water Quality Council Utah (Volunteer)","MILL RACE CREEK AT I-15 CROSSING (2 MI S PROVO COURTHOUSE)","River/Stream",40.203089424,-111.656212371,7,2019,"Accepted",NA,97,NA,NA,NA,NA,NA,NA,336,388,NA,NA,NA,NA,9620,121,352,1.41,NA,NA,"Stream",51,51,51,51,"Tributary",45.1023151814,"Mill Race","YES",34757.4096923,0.00566357779487,c(-111.656212371, 40.203089424),"No",NA,NA,NA,NA,NA,NA,NA
"UTAHDWQ_WQX-4996540",2019-08-13,"UTAHDWQ_WQX","Utah Department Of Environmental Quality","MILL RACE CREEK AT I-15 CROSSING (2 MI S PROVO COURTHOUSE)","River/Stream",40.203089424,-111.656212371,8,2019,"Accepted",72,70,12000,12000,13600,13000,4100,3830,1270,1440,NA,NA,NA,NA,NA,NA,NA,NA,"cfs",2.63,"Stream",51,51,51,51,"Tributary",45.1023151814,"Mill Race","YES",34757.4096923,0.00566357779487,c(-111.656212371, 40.203089424),"No",NA,83.6482802688,87.50897012736,9.265655660544,8.171793533952,24.644070263808,26.38138070016
"UTAHDWQ_WQX-4996566",2019-08-13,"UTAHDWQ_WQX","Utah Department Of Environmental Quality","PROVO STATION 6-WLA","River/Stream",40.2021,-111.653656,8,2019,"Accepted",61,50,9900,9830,12700,11700,4790,3700,1040,1300,NA,NA,NA,NA,NA,NA,NA,NA,"cfs",4.65,"Stream",51,51,51,51,"Tributary",45.1023151814,"Mill Race","YES",34757.4096923,0.00566357779487,c(-111.653656, 40.2021),"No",NA,133.1057235456,144.4822811136,14.7895248384,11.83161987072,42.0932630016,54.49371075072
"WFWQC_UT-4996540",2019-08-14,"WFWQC_UT","Wasatch Front Water Quality Council Utah (Volunteer)","MILL RACE CREEK AT I-15 CROSSING (2 MI S PROVO COURTHOUSE)","River/Stream",40.203089424,-111.656212371,8,2019,"Accepted",NA,179,NA,NA,NA,NA,NA,NA,1720,1830,NA,NA,NA,NA,11000,78,1710,1.13,NA,NA,"Stream",51,51,51,51,"Tributary",45.1023151814,"Mill Race","YES",34757.4096923,0.00566357779487,c(-111.656212371, 40.203089424),"No",NA,NA,NA,NA,NA,NA,NA
"WFWQC_UT-4996540",2019-09-11,"WFWQC_UT","Wasatch Front Water Quality Council Utah (Volunteer)","MILL RACE CREEK AT I-15 CROSSING (2 MI S PROVO COURTHOUSE)","River/Stream",40.203089424,-111.656212371,9,2019,"Accepted",NA,77,NA,NA,NA,NA,NA,NA,985,1100,NA,NA,NA,NA,9240,112,1020,2.41,NA,NA,"Stream",51,51,51,51,"Tributary",45.1023151814,"Mill Race","YES",34757.4096923,0.00566357779487,c(-111.656212371, 40.203089424),"No",NA,NA,NA,NA,NA,NA,NA
"UTAHDWQ_WQX-4996540",2019-09-24,"UTAHDWQ_WQX","Utah Department Of Environmental Quality","MILL RACE CREEK AT I-15 CROSSING (2 MI S PROVO COURTHOUSE)","River/Stream",40.203089424,-111.656212371,9,2019,"Accepted",94,111,12500,12300,14800,13400,7180,3460,1190,1280,NA,NA,NA,NA,NA,NA,NA,NA,"cfs",4.35,"Stream",51,51,51,51,"Tributary",45.1023151814,"Mill Race","YES",34757.4096923,0.00566357779487,c(-111.656212371, 40.203089424),"No",NA,142.6106539008,157.5102744576,13.62251022336,12.66467747328,36.82334794752,76.41376828416
"UTAHDWQ_WQX-4996566",2019-09-24,"UTAHDWQ_WQX","Utah Department Of Environmental Quality","PROVO STATION 6-WLA","River/Stream",40.2021,-111.653656,9,2019,"Accepted",162,203,10200,10300,13200,11600,7700,3330,1010,1080,NA,NA,NA,NA,NA,NA,NA,NA,"cfs",10.22,"Stream",51,51,51,51,"Tributary",45.1023151814,"Mill Race","YES",34757.4096923,0.00566357779487,c(-111.653656, 40.2021),"No",NA,290.04594683904,330.05228433408,27.004277809152,25.254000543744,83.263189911552,192.53049919488
"UTAHDWQ_WQX-4996540",2019-10-09,"UTAHDWQ_WQX","Utah Department Of Environmental Quality","MILL RACE CREEK AT I-15 CROSSING (2 MI S PROVO COURTHOUSE)","River/Stream",40.203089424,-111.656212371,10,2019,"Accepted",76,76,12500,12100,14900,14200,5240,4030,1200,1200,NA,NA,NA,NA,NA,NA,NA,NA,"cfs",1.62,"Stream",51,51,51,51,"Tributary",45.1023151814,"Mill Race","YES",34757.4096923,0.00566357779487,c(-111.656212371, 40.203089424),"No",NA,56.28093124608,59.05534334976,4.75613503488,4.75613503488,15.972686825472,20.768456318976
"UTAHDWQ_WQX-4996566",2019-10-09,"UTAHDWQ_WQX","Utah Department Of Environmental Quality","PROVO STATION 6-WLA","River/Stream",40.2021,-111.653656,10,2019,"Accepted",59,54,11700,11600,14900,14200,8220,3780,1130,1120,NA,NA,NA,NA,NA,NA,NA,NA,"cfs",4.21,"Stream",51,51,51,51,"Tributary",45.1023151814,"Mill Race","YES",34757.4096923,0.00566357779487,c(-111.653656, 40.2021),"No",NA,146.26093860864,153.47098487808,11.536074031104,11.639074692096,38.934249854976,84.666543335424
"WFWQC_UT-4996540",2019-10-16,"WFWQC_UT","Wasatch Front Water Quality Council Utah (Volunteer)","MILL RACE CREEK AT I-15 CROSSING (2 MI S PROVO COURTHOUSE)","River/Stream",40.203089424,-111.656212371,10,2019,"Accepted",NA,125,NA,NA,NA,NA,NA,NA,1570,1690,NA,NA,NA,NA,13400,54,1590,0.901,NA,NA,"Stream",51,51,51,51,"Tributary",45.1023151814,"Mill Race","YES",34757.4096923,0.00566357779487,c(-111.656212371, 40.203089424),"No",NA,NA,NA,NA,NA,NA,NA
"UTAHDWQ_WQX-4996540",2019-11-05,"UTAHDWQ_WQX","Utah Department Of Environmental Quality","MILL RACE CREEK AT I-15 CROSSING (2 MI S PROVO COURTHOUSE)","River/Stream",40.203089424,-111.656212371,11,2019,"Accepted",76,80,10800,10700,12400,12000,4430,3260,1070,1030,NA,NA,NA,NA,NA,NA,NA,NA,"cfs",4.12,"Stream",51,51,51,51,"Tributary",45.1023151814,"Mill Race","YES",34757.4096923,0.00566357779487,c(-111.656212371, 40.203089424),"No",NA,120.9584959488,124.99044581376,10.382270902272,10.785465888768,32.860391399424,44.653844754432
"UTAHDWQ_WQX-4996566",2019-11-05,"UTAHDWQ_WQX","Utah Department Of Environmental Quality","PROVO STATION 6-WLA","River/Stream",40.2021,-111.653656,11,2019,"Accepted",56,56,10800,10800,13300,12500,3130,3240,1040,1010,NA,NA,NA,NA,NA,NA,NA,NA,"cfs",7.83,"Stream",51,51,51,51,"Tributary",45.1023151814,"Mill Race","YES",34757.4096923,0.00566357779487,c(-111.653656, 40.2021),"No",NA,239.45818752,254.78351152128,19.348221551616,19.922921201664,62.067562205184,59.960330155008
"WFWQC_UT-4996540",2019-11-12,"WFWQC_UT","Wasatch Front Water Quality Council Utah (Volunteer)","MILL RACE CREEK AT I-15 CROSSING (2 MI S PROVO COURTHOUSE)","River/Stream",40.203089424,-111.656212371,11,2019,"Accepted",NA,117,NA,NA,NA,NA,NA,NA,1450,1590,NA,NA,NA,NA,10900,42,1500,NA,NA,NA,"Stream",51,51,51,51,"Tributary",45.1023151814,"Mill Race","YES",34757.4096923,0.00566357779487,c(-111.656212371, 40.203089424),"No",NA,NA,NA,NA,NA,NA,NA
"UTAHDWQ_WQX-4996540",2019-12-09,"UTAHDWQ_WQX","Utah Department Of Environmental Quality","MILL RACE CREEK AT I-15 CROSSING (2 MI S PROVO COURTHOUSE)","River/Stream",40.203089424,-111.656212371,12,2019,"Accepted",109,119,8930,8890,9430,9300,5540,3810,1190,1190,NA,NA,NA,NA,NA,NA,NA,NA,"cfs",5.63,"Stream",51,51,51,51,"Tributary",45.1023151814,"Mill Race","YES",34757.4096923,0.00566357779487,c(-111.656212371, 40.203089424),"No",NA,128.10003821568,129.890683911168,16.391295212544,16.391295212544,52.479693075456,76.309055023104
"UTAHDWQ_WQX-4996566",2019-12-09,"UTAHDWQ_WQX","Utah Department Of Environmental Quality","PROVO STATION 6-WLA","River/Stream",40.2021,-111.653656,12,2019,"Accepted",104,115,9430,9450,9880,10000,5570,3780,1280,1220,NA,NA,NA,NA,NA,NA,NA,NA,"cfs",23.62,"Stream",51,51,51,51,"Tributary",45.1023151814,"Mill Race","YES",34757.4096923,0.00566357779487,c(-111.653656, 40.2021),"No",NA,577.880193024,570.945630707712,70.501383548928,73.968664707072,218.438712963072,321.879267514368
"WFWQC_UT-4996540",2019-12-12,"WFWQC_UT","Wasatch Front Water Quality Council Utah (Volunteer)","MILL RACE CREEK AT I-15 CROSSING (2 MI S PROVO COURTHOUSE)","River/Stream",40.203089424,-111.656212371,12,2019,"Accepted",NA,156,NA,NA,NA,NA,NA,NA,1320,1400,NA,NA,NA,NA,10300,38,1350,0.813,NA,NA,"Stream",51,51,51,51,"Tributary",45.1023151814,"Mill Race","YES",34757.4096923,0.00566357779487,c(-111.656212371, 40.203089424),"No",NA,NA,NA,NA,NA,NA,NA
"UTAHDWQ_WQX-4996566",2020-01-14,"UTAHDWQ_WQX","Utah Department Of Environmental Quality","PROVO STATION 6-WLA","River/Stream",40.2021,-111.653656,1,2020,"Accepted",60,52,8640,8640,9250,9250,3380,3380,1020,1130,NA,NA,NA,NA,NA,NA,NA,NA,"cfs",3.21,"Stream",51,51,51,51,"Tributary",45.1023151814,"Mill Race","YES",34757.4096923,0.00566357779487,c(-111.653656, 40.2021),"No",NA,72.6448248576,72.6448248576,8.874448874496,8.010564470784,26.544811677696,26.544811677696
"UTAHDWQ_WQX-4996540",2020-01-14,"UTAHDWQ_WQX","Utah Department Of Environmental Quality","MILL RACE CREEK AT I-15 CROSSING (2 MI S PROVO COURTHOUSE)",NA,40.203089424,-111.656212371,1,2020,"Accepted",NA,NA,NA,NA,NA,NA,NA,NA,NA,NA,NA,NA,NA,NA,NA,NA,NA,NA,"cfs",NA,"Storm Sewer",51,51,51,51,"Tributary",45.1023151814,"Mill Race","YES",34757.4096923,0.00566357779487,c(-111.656212371, 40.203089424),"No",NA,NA,NA,NA,NA,NA,NA
"WFWQC_UT-4996540",2020-01-15,"WFWQC_UT","Wasatch Front Water Quality Council Utah (Volunteer)","MILL RACE CREEK AT I-15 CROSSING (2 MI S PROVO COURTHOUSE)","River/Stream",40.203089424,-111.656212371,1,2020,"Accepted",NA,NA,NA,NA,NA,NA,NA,NA,1140,1260,NA,NA,NA,NA,7470,40,1190,1.45,NA,NA,"Stream",51,51,51,51,"Tributary",45.1023151814,"Mill Race","YES",34757.4096923,0.00566357779487,c(-111.656212371, 40.203089424),"No",NA,NA,NA,NA,NA,NA,NA
"UTAHDWQ_WQX-4996540",2020-02-10,"UTAHDWQ_WQX","Utah Department Of Environmental Quality","MILL RACE CREEK AT I-15 CROSSING (2 MI S PROVO COURTHOUSE)","River/Stream",40.203089424,-111.656212371,2,2020,"Accepted",154,154,13500,13700,14800,14100,4530,4480,1840,1890,NA,NA,NA,NA,NA,NA,NA,NA,"cfs",3.72,"Stream",51,51,51,51,"Tributary",45.1023151814,"Mill Race","YES",34757.4096923,0.00566357779487,c(-111.656212371, 40.203089424),"No",NA,128.32756936704,134.69844160512,17.201355042816,16.746292740096,40.773582323712,41.228644626432
"UTAHDWQ_WQX-4996566",2020-02-10,"UTAHDWQ_WQX","Utah Department Of Environmental Quality","PROVO STATION 6-WLA","River/Stream",40.2021,-111.653656,2,2020,"Accepted",96,108,7290,7390,8000,8220,3860,3650,950,1030,NA,NA,NA,NA,NA,NA,NA,NA,"cfs",7.75,"Stream",51,51,51,51,"Tributary",45.1023151814,"Mill Race","YES",34757.4096923,0.00566357779487,c(-111.653656, 40.2021),"No",NA,155.8588386816,151.68743424,19.5297571584,18.012882816,69.207391872,73.1891870208
"WFWQC_UT-4996540",2020-02-11,"WFWQC_UT","Wasatch Front Water Quality Council Utah (Volunteer)","MILL RACE CREEK AT I-15 CROSSING (2 MI S PROVO COURTHOUSE)","River/Stream",40.203089424,-111.656212371,2,2020,"Accepted",NA,186,NA,NA,NA,NA,NA,NA,1980,2020,NA,NA,NA,NA,12400,102,1930,1.97,NA,NA,"Stream",51,51,51,51,"Tributary",45.1023151814,"Mill Race","YES",34757.4096923,0.00566357779487,c(-111.656212371, 40.203089424),"No",NA,NA,NA,NA,NA,NA,NA
"UTAHDWQ_WQX-4996540",2020-03-09,"UTAHDWQ_WQX","Utah Department Of Environmental Quality","MILL RACE CREEK AT I-15 CROSSING (2 MI S PROVO COURTHOUSE)","River/Stream",40.203089424,-111.656212371,3,2020,"Accepted",105,112,14100,14000,15100,14900,4890,4730,1620,1680,NA,NA,NA,NA,NA,NA,NA,NA,"cfs",3.8,"Stream",51,51,51,51,"Tributary",45.1023151814,"Mill Race","YES",34757.4096923,0.00566357779487,c(-111.656212371, 40.203089424),"No",NA,138.5248794624,140.3842738176,15.61891258368,15.06109427712,43.97467650048,45.46219198464
"UTAHDWQ_WQX-4996566",2020-03-09,"UTAHDWQ_WQX","Utah Department Of Environmental Quality","PROVO STATION 6-WLA","River/Stream",40.2021,-111.653656,3,2020,"Accepted",113,110,6280,6160,6620,7060,3890,4040,779,828,NA,NA,NA,NA,NA,NA,NA,NA,"cfs",4.6,"Stream",51,51,51,51,"Tributary",45.1023151814,"Mill Race","YES",34757.4096923,0.00566357779487,c(-111.653656, 40.2021),"No",NA,79.45485668352,74.50299592704,9.318501605376,8.767044384768,45.46708512768,43.77895077888
"WFWQC_UT-4996540",2020-03-11,"WFWQC_UT","Wasatch Front Water Quality Council Utah (Volunteer)","MILL RACE CREEK AT I-15 CROSSING (2 MI S PROVO COURTHOUSE)","River/Stream",40.203089424,-111.656212371,3,2020,"Accepted",NA,122,NA,NA,NA,NA,NA,NA,1180,1790,NA,NA,NA,NA,13000,142,1640,1.1,NA,NA,"Stream",51,51,51,51,"Tributary",45.1023151814,"Mill Race","YES",34757.4096923,0.00566357779487,c(-111.656212371, 40.203089424),"No",NA,NA,NA,NA,NA,NA,NA
"UTAHDWQ_WQX-4996540",2020-04-13,"UTAHDWQ_WQX","Utah Department Of Environmental Quality","MILL RACE CREEK AT I-15 CROSSING (2 MI S PROVO COURTHOUSE)","River/Stream",40.203089424,-111.656212371,4,2020,"Accepted",21,18,9120,9060,10000,9850,5580,4240,857,916,NA,NA,NA,NA,NA,NA,NA,NA,"cfs",4.3,"Stream",51,51,51,51,"Tributary",45.1023151814,"Mill Race","YES",34757.4096923,0.00566357779487,c(-111.656212371, 40.203089424),"No",NA,103.6245367296,105.20257536,9.636555902976,9.015860708352,44.60589195264,58.70303705088
"UTAHDWQ_WQX-4996566",2020-04-13,"UTAHDWQ_WQX","Utah Department Of Environmental Quality","PROVO STATION 6-WLA","River/Stream",40.2021,-111.653656,4,2020,"Accepted",26,28,8220,8200,8970,8940,6220,5190,772,873,NA,NA,NA,NA,NA,NA,NA,NA,"cfs",5.2,"Stream",51,51,51,51,"Tributary",45.1023151814,"Mill Race","YES",34757.4096923,0.00566357779487,c(-111.653656, 40.2021),"No",NA,113.73621682176,114.11788197888,11.106456072192,9.821516709888,66.02807218176,79.13190924288
"WFWQC_UT-4996540",2020-04-15,"WFWQC_UT","Wasatch Front Water Quality Council Utah (Volunteer)","MILL RACE CREEK AT I-15 CROSSING (2 MI S PROVO COURTHOUSE)","River/Stream",40.203089424,-111.656212371,4,2020,"Accepted",NA,NA,NA,NA,NA,NA,NA,NA,838,900,NA,NA,NA,NA,8390,90,823,0.902,NA,NA,"Stream",51,51,51,51,"Tributary",45.1023151814,"Mill Race","YES",34757.4096923,0.00566357779487,c(-111.656212371, 40.203089424),"No",NA,NA,NA,NA,NA,NA,NA
"WFWQC_UT-4996540",2020-05-13,"WFWQC_UT","Wasatch Front Water Quality Council Utah (Volunteer)","MILL RACE CREEK AT I-15 CROSSING (2 MI S PROVO COURTHOUSE)","River/Stream",40.203089424,-111.656212371,5,2020,"Accepted",NA,NA,NA,NA,NA,NA,NA,NA,801,1680,NA,NA,NA,NA,5670,156,818,1.93,NA,NA,"Stream",51,51,51,51,"Tributary",45.1023151814,"Mill Race","YES",34757.4096923,0.00566357779487,c(-111.656212371, 40.203089424),"No",NA,NA,NA,NA,NA,NA,NA
"UTAHDWQ_WQX-4996540",2020-05-14,"UTAHDWQ_WQX","Utah Department Of Environmental Quality","MILL RACE CREEK AT I-15 CROSSING (2 MI S PROVO COURTHOUSE)","River/Stream",40.203089424,-111.656212371,5,2020,"Accepted",81,74,12900,12700,14000,14500,6180,5580,1370,1600,NA,NA,NA,NA,NA,NA,NA,NA,"cfs",3.8,"Stream",51,51,51,51,"Tributary",45.1023151814,"Mill Race","YES",34757.4096923,0.00566357779487,c(-111.656212371, 40.203089424),"No",NA,134.806090752,130.157604864,14.8751548416,12.73685133312,51.87710251008,57.45528557568
"UTAHDWQ_WQX-4996566",2020-05-14,"UTAHDWQ_WQX","Utah Department Of Environmental Quality","PROVO STATION 6-WLA","River/Stream",40.2021,-111.653656,5,2020,"Accepted",NA,114,NA,8070,NA,8730,NA,5150,NA,1400,NA,NA,NA,NA,NA,NA,NA,NA,"cfs",10.2,"Stream",51,51,51,51,"Tributary",45.1023151814,"Mill Race","YES",34757.4096923,0.00566357779487,c(-111.653656, 40.2021),"No",NA,217.85740756992,NA,34.9370413056,NA,128.5184019456,NA
"UTAHDWQ_WQX-4996540",2020-06-16,"UTAHDWQ_WQX","Utah Department Of Environmental Quality","MILL RACE CREEK AT I-15 CROSSING (2 MI S PROVO COURTHOUSE)","River/Stream",40.203089424,-111.656212371,6,2020,"Accepted",24,34,7900,7910,8620,8870,7400,4330,999,1130,NA,NA,NA,NA,NA,NA,NA,NA,"cfs",4.2,"Stream",51,51,51,51,"Tributary",45.1023151814,"Mill Race","YES",34757.4096923,0.00566357779487,c(-111.656212371, 40.203089424),"No",NA,91.14457540608,88.57567531008,11.61142843392,10.265324783616,44.49334966272,76.0394428416
"UTAHDWQ_WQX-4996566",2020-06-16,"UTAHDWQ_WQX","Utah Department Of Environmental Quality","PROVO STATION 6-WLA","River/Stream",40.2021,-111.653656,6,2020,"Accepted",24,39,4220,4220,4890,4870,6500,3870,600,727,NA,NA,NA,NA,NA,NA,NA,NA,"cfs",6.9,"Stream",51,51,51,51,"Tributary",45.1023151814,"Mill Race","YES",34757.4096923,0.00566357779487,c(-111.653656, 40.2021),"No",NA,82.21214278656,82.54976965632,12.272736715776,10.1288060928,65.33079929856,109.728732672
"WFWQC_UT-4996540",2020-06-17,"WFWQC_UT","Wasatch Front Water Quality Council Utah (Volunteer)","MILL RACE CREEK AT I-15 CROSSING (2 MI S PROVO COURTHOUSE)","River/Stream",40.203089424,-111.656212371,6,2020,"Accepted",NA,94,NA,NA,NA,NA,NA,NA,1030,1300,NA,NA,NA,NA,6110,115,949,0.68,NA,NA,"Stream",51,51,51,51,"Tributary",45.1023151814,"Mill Race","YES",34757.4096923,0.00566357779487,c(-111.656212371, 40.203089424),"No",NA,NA,NA,NA,NA,NA,NA
"UTAHDWQ_WQX-4996540",2020-07-07,"UTAHDWQ_WQX","Utah Department Of Environmental Quality","MILL RACE CREEK AT I-15 CROSSING (2 MI S PROVO COURTHOUSE)","River/Stream",40.203089424,-111.656212371,7,2020,"Accepted",78,77,9340,9370,10300,10400,10200,4500,857,955,NA,NA,NA,NA,NA,NA,NA,NA,"cfs",4.3,"Stream",51,51,51,51,"Tributary",45.1023151814,"Mill Race","YES",34757.4096923,0.00566357779487,c(-111.656212371, 40.203089424),"No",NA,109.4106783744,108.3586526208,10.04684594688,9.015860708352,47.341158912,107.3066268672
"UTAHDWQ_WQX-4996566",2020-07-07,"UTAHDWQ_WQX","Utah Department Of Environmental Quality","PROVO STATION 6-WLA","River/Stream",40.2021,-111.653656,7,2020,"Accepted",99,103,6440,6480,6980,7080,6860,4440,740,886,NA,NA,NA,NA,NA,NA,NA,NA,"cfs",10.2,"Stream",51,51,51,51,"Tributary",45.1023151814,"Mill Race","YES",34757.4096923,0.00566357779487,c(-111.653656, 40.2021),"No",NA,176.68160888832,174.18610593792,22.110156140544,18.46672183296,110.80033099776,171.19150239744
"WFWQC_UT-4996540",2020-07-15,"WFWQC_UT","Wasatch Front Water Quality Council Utah (Volunteer)","MILL RACE CREEK AT I-15 CROSSING (2 MI S PROVO COURTHOUSE)","River/Stream",40.203089424,-111.656212371,7,2020,"Accepted",NA,28,NA,NA,NA,NA,NA,NA,784,1080,NA,NA,NA,NA,10000,187,1280,3.12,NA,NA,"Stream",51,51,51,51,"Tributary",45.1023151814,"Mill Race","YES",34757.4096923,0.00566357779487,c(-111.656212371, 40.203089424),"No",NA,NA,NA,NA,NA,NA,NA
"UTAHDWQ_WQX-4996540",2020-08-11,"UTAHDWQ_WQX","Utah Department Of Environmental Quality","MILL RACE CREEK AT I-15 CROSSING (2 MI S PROVO COURTHOUSE)","River/Stream",40.203089424,-111.656212371,8,2020,"Accepted",44,71,9560,9680,12100,12000,6840,6110,841,1390,NA,NA,NA,NA,NA,NA,NA,NA,"cfs",2.9,"Stream",51,51,51,51,"Tributary",45.1023151814,"Mill Race","YES",34757.4096923,0.00566357779487,c(-111.656212371, 40.203089424),"No",NA,85.140688896,85.8501946368,9.86212979712,5.966943280128,43.35080076288,48.53019267072
"UTAHDWQ_WQX-4996566",2020-08-11,"UTAHDWQ_WQX","Utah Department Of Environmental Quality","PROVO STATION 6-WLA","River/Stream",40.2021,-111.653656,8,2020,"Accepted",121,131,4310,4340,5160,5030,4940,3840,612,831,NA,NA,NA,NA,NA,NA,NA,NA,"cfs",7.7,"Stream",51,51,51,51,"Tributary",45.1023151814,"Mill Race","YES",34757.4096923,0.00566357779487,c(-111.653656, 40.2021),"No",NA,94.75816154112,97.20717963264,15.654877185024,11.529223630848,72.34022670336,93.06268747776
"WFWQC_UT-4996540",2020-08-19,"WFWQC_UT","Wasatch Front Water Quality Council Utah (Volunteer)","MILL RACE CREEK AT I-15 CROSSING (2 MI S PROVO COURTHOUSE)","River/Stream",40.203089424,-111.656212371,8,2020,"Accepted",NA,83,NA,NA,NA,NA,NA,NA,1130,1370,NA,NA,NA,NA,10900,178,1730,1.44,NA,NA,"Stream",51,51,51,51,"Tributary",45.1023151814,"Mill Race","YES",34757.4096923,0.00566357779487,c(-111.656212371, 40.203089424),"No",NA,NA,NA,NA,NA,NA,NA
"WFWQC_UT-4996540",2020-09-16,"WFWQC_UT","Wasatch Front Water Quality Council Utah (Volunteer)","MILL RACE CREEK AT I-15 CROSSING (2 MI S PROVO COURTHOUSE)","River/Stream",40.203089424,-111.656212371,9,2020,"Accepted",NA,105,NA,NA,NA,NA,NA,NA,1760,1750,NA,NA,NA,NA,13000,140,1590,3.46,NA,NA,"Stream",51,51,51,51,"Tributary",45.1023151814,"Mill Race","YES",34757.4096923,0.00566357779487,c(-111.656212371, 40.203089424),"No",NA,NA,NA,NA,NA,NA,NA
"UTAHDWQ_WQX-4996540",2020-09-21,"UTAHDWQ_WQX","Utah Department Of Environmental Quality","MILL RACE CREEK AT I-15 CROSSING (2 MI S PROVO COURTHOUSE)","River/Stream",40.203089424,-111.656212371,9,2020,"Accepted",29,25,13800,13600,13800,14200,6960,5150,1450,1680,NA,NA,NA,NA,NA,NA,NA,NA,"cfs",3.2,"Stream",51,51,51,51,"Tributary",45.1023151814,"Mill Race","YES",34757.4096923,0.00566357779487,c(-111.656212371, 40.203089424),"No",NA,111.1722098688,108.0405983232,13.15276849152,11.3520918528,40.3194986496,54.49004089344
"UTAHDWQ_WQX-4996566",2020-09-21,"UTAHDWQ_WQX","Utah Department Of Environmental Quality","PROVO STATION 6-WLA","River/Stream",40.2021,-111.653656,9,2020,"Accepted",72,61,7270,7350,7330,7630,5120,3270,878,949,NA,NA,NA,NA,NA,NA,NA,NA,"cfs",8.2,"Stream",51,51,51,51,"Tributary",45.1023151814,"Mill Race","YES",34757.4096923,0.00566357779487,c(-111.653656, 40.2021),"No",NA,153.07219372032,147.05362778112,19.038730254336,17.614336315392,65.60236873728,102.71685869568
"WFWQC_UT-4996540",2020-10-14,"WFWQC_UT","Wasatch Front Water Quality Council Utah (Volunteer)","MILL RACE CREEK AT I-15 CROSSING (2 MI S PROVO COURTHOUSE)","River/Stream",40.203089424,-111.656212371,10,2020,"Accepted",NA,30,NA,NA,NA,NA,NA,NA,1440,2140,NA,NA,NA,NA,13240,99,1650,0.836,NA,NA,"Stream",51,51,51,51,"Tributary",45.1023151814,"Mill Race","YES",34757.4096923,0.00566357779487,c(-111.656212371, 40.203089424),"No",NA,NA,NA,NA,NA,NA,NA
"WFWQC_UT-4996540",2020-11-11,"WFWQC_UT","Wasatch Front Water Quality Council Utah (Volunteer)","MILL RACE CREEK AT I-15 CROSSING (2 MI S PROVO COURTHOUSE)","River/Stream",40.203089424,-111.656212371,11,2020,"Accepted",NA,202,NA,NA,NA,NA,NA,NA,1450,1390,NA,NA,NA,NA,10500,69,1270,2.83,NA,NA,"Stream",51,51,51,51,"Tributary",45.1023151814,"Mill Race","YES",34757.4096923,0.00566357779487,c(-111.656212371, 40.203089424),"No",NA,NA,NA,NA,NA,NA,NA
"WFWQC_UT-4996540",2020-12-09,"WFWQC_UT","Wasatch Front Water Quality Council Utah (Volunteer)","MILL RACE CREEK AT I-15 CROSSING (2 MI S PROVO COURTHOUSE)","River/Stream",40.203089424,-111.656212371,12,2020,"Accepted",NA,234,NA,NA,NA,NA,NA,NA,1170,1370,NA,NA,NA,NA,11200,45,1340,0.796,NA,NA,"Stream",51,51,51,51,"Tributary",45.1023151814,"Mill Race","YES",34757.4096923,0.00566357779487,c(-111.656212371, 40.203089424),"No",NA,NA,NA,NA,NA,NA,NA
