"MonitoringLocationIdentifier","ActivityStartDate","OrganizationIdentifier","OrganizationFormalName","MonitoringLocationName","MonitoringLocationTypeName","LatitudeMeasure","LongitudeMeasure","Month","Year","ResultStatusIdentifier","DO_mgL","DOC_mgL","NH3.d_mgL","NO3.d_mgL","CO3.t_mgL","DIC_mgL","NH3.t_mgL","NO3.t_mgL","P_NA","TN_mgL","CO3.d_mgL","MixedN.t_mgL","NO23_mgL","NO3_mgL","TKN.t_mgL","TP_mgL","TDP_mgL","TKN.d_mgL","MixedN.d_mgL","NO2.d_mgL","PO4.d_mgL","DON_mgL","TON_mgL","NO23.t_mgL","TDN_mgL","TOC_mgL","Chla_uncorrected_ugL","NO2.t_mgL","BOD_mgL","Chla_ugL","PO4.t_mgL","orig.units","Flow.cfs","SiteType","OBJECTID_1","FID_UL_sub","OBJECTID","TARGET_FID","Type","wsa_sqkm","WS_Name","Monitored_","Shape_Leng","Shape_Area","geometry","Flow.narrows.cfs","load.TN_kgd","load.TDN_kgd","load.TP_kgd","load.TDP_kgd","load.TOC_kgd","load.DOC_kgd"
"UTAHDWQ_WQX-4994790",2000-01-11,"UTAHDWQ_WQX","Utah Department Of Environmental Quality","JORDAN R AT UTAH L OUTLET U121 XING","River/Stream",40.360951743,-111.898513582,1,2000,"Final",11.15,NA,NA,NA,0,NA,NA,NA,NA,NA,NA,NA,0.1,NA,NA,NA,NA,NA,NA,NA,NA,NA,NA,NA,NA,NA,NA,NA,NA,NA,NA,NA,NA,NA,NA,NA,NA,NA,NA,NA,"Jordan River",NA,NA,NA,c(NA, NA),NA,NA,NA,NA,NA,NA,NA
"UTAHDWQ_WQX-4994790",2000-02-29,"UTAHDWQ_WQX","Utah Department Of Environmental Quality","JORDAN R AT UTAH L OUTLET U121 XING","River/Stream",40.360951743,-111.898513582,2,2000,"Final",7.79,NA,NA,NA,0,NA,NA,NA,NA,NA,NA,NA,0.6,NA,NA,NA,NA,NA,NA,NA,NA,NA,NA,NA,NA,NA,NA,NA,NA,NA,NA,NA,NA,NA,NA,NA,NA,NA,NA,NA,"Jordan River",NA,NA,NA,c(NA, NA),NA,NA,NA,NA,NA,NA,NA
"UTAHDWQ_WQX-4994790",2000-03-27,"UTAHDWQ_WQX","Utah Department Of Environmental Quality","JORDAN R AT UTAH L OUTLET U121 XING","River/Stream",40.360951743,-111.898513582,3,2000,"Final",9.2,NA,NA,NA,0,NA,NA,NA,NA,NA,NA,NA,0.5,NA,NA,0.054,0.058,NA,NA,NA,NA,NA,NA,NA,NA,NA,NA,NA,NA,NA,NA,NA,NA,NA,NA,NA,NA,NA,NA,NA,"Jordan River",NA,NA,NA,c(NA, NA),NA,NA,NA,NA,NA,NA,NA
"UTAHDWQ_WQX-4994790",2000-04-18,"UTAHDWQ_WQX","Utah Department Of Environmental Quality","JORDAN R AT UTAH L OUTLET U121 XING","River/Stream",40.360951743,-111.898513582,4,2000,"Final",7.32,NA,NA,NA,0,NA,0.115,NA,NA,NA,NA,NA,0.3,NA,NA,0.086,0.02,NA,NA,NA,NA,NA,NA,NA,NA,NA,NA,NA,NA,NA,NA,NA,NA,NA,NA,NA,NA,NA,NA,NA,"Jordan River",NA,NA,NA,c(NA, NA),NA,NA,NA,NA,NA,NA,NA
"UTAHDWQ_WQX-4994790",2000-05-09,"UTAHDWQ_WQX","Utah Department Of Environmental Quality","JORDAN R AT UTAH L OUTLET U121 XING","River/Stream",40.360951743,-111.898513582,5,2000,"Final",8.53,NA,NA,NA,0,NA,NA,NA,NA,NA,NA,NA,0.3,NA,NA,0.079,0.029,NA,NA,NA,NA,NA,NA,NA,NA,NA,NA,NA,NA,NA,NA,NA,NA,NA,NA,NA,NA,NA,NA,NA,"Jordan River",NA,NA,NA,c(NA, NA),NA,NA,NA,NA,NA,NA,NA
"UTAHDWQ_WQX-4994790",2000-05-24,"UTAHDWQ_WQX","Utah Department Of Environmental Quality","JORDAN R AT UTAH L OUTLET U121 XING","River/Stream",40.360951743,-111.898513582,5,2000,"Final",6,NA,NA,NA,0,NA,0.117,NA,NA,NA,NA,NA,0.6,NA,NA,0.155,0.023,NA,NA,NA,NA,NA,NA,NA,NA,NA,NA,NA,NA,NA,NA,NA,NA,NA,NA,NA,NA,NA,NA,NA,"Jordan River",NA,NA,NA,c(NA, NA),NA,NA,NA,NA,NA,NA,NA
"UTAHDWQ_WQX-4994790",2000-06-07,"UTAHDWQ_WQX","Utah Department Of Environmental Quality","JORDAN R AT UTAH L OUTLET U121 XING","River/Stream",40.360951743,-111.898513582,6,2000,"Final",9.71,NA,NA,NA,0,NA,NA,NA,NA,NA,NA,NA,0.1,NA,NA,0.047,0.027,NA,NA,NA,NA,NA,NA,NA,NA,NA,NA,NA,NA,NA,NA,NA,NA,NA,NA,NA,NA,NA,NA,NA,"Jordan River",NA,NA,NA,c(NA, NA),NA,NA,NA,NA,NA,NA,NA
"UTAHDWQ_WQX-4994790",2000-06-28,"UTAHDWQ_WQX","Utah Department Of Environmental Quality","JORDAN R AT UTAH L OUTLET U121 XING","River/Stream",40.360951743,-111.898513582,6,2000,"Final",7.85,NA,NA,NA,0,NA,NA,NA,NA,NA,NA,NA,NA,NA,NA,0.057,NA,NA,NA,NA,NA,NA,NA,NA,NA,NA,NA,NA,NA,NA,NA,NA,NA,NA,NA,NA,NA,NA,NA,NA,"Jordan River",NA,NA,NA,c(NA, NA),NA,NA,NA,NA,NA,NA,NA
"UTAHDWQ_WQX-4994790",2000-08-30,"UTAHDWQ_WQX","Utah Department Of Environmental Quality","JORDAN R AT UTAH L OUTLET U121 XING","River/Stream",40.360951743,-111.898513582,8,2000,"Final",6.03,NA,NA,NA,NA,NA,NA,NA,NA,NA,NA,NA,NA,NA,NA,NA,NA,NA,NA,NA,NA,NA,NA,NA,NA,NA,NA,NA,NA,NA,NA,NA,NA,NA,NA,NA,NA,NA,NA,NA,"Jordan River",NA,NA,NA,c(NA, NA),NA,NA,NA,NA,NA,NA,NA
"UTAHDWQ_WQX-4994790",2000-10-05,"UTAHDWQ_WQX","Utah Department Of Environmental Quality","JORDAN R AT UTAH L OUTLET U121 XING","River/Stream",40.360951743,-111.898513582,10,2000,"Final",9.03,NA,NA,NA,0,NA,NA,NA,NA,NA,NA,NA,NA,NA,NA,0.064,NA,NA,NA,NA,NA,NA,NA,0.2,NA,NA,NA,NA,NA,NA,NA,NA,NA,NA,NA,NA,NA,NA,NA,NA,"Jordan River",NA,NA,NA,c(NA, NA),NA,NA,NA,NA,NA,NA,NA
"UTAHDWQ_WQX-4994790",2000-11-14,"UTAHDWQ_WQX","Utah Department Of Environmental Quality","JORDAN R AT UTAH L OUTLET U121 XING","River/Stream",40.360951743,-111.898513582,11,2000,"Final",8.43,NA,NA,NA,0,NA,NA,NA,NA,NA,NA,NA,NA,NA,NA,NA,NA,NA,NA,NA,NA,NA,NA,NA,NA,NA,NA,NA,NA,NA,NA,NA,NA,NA,NA,NA,NA,NA,NA,NA,"Jordan River",NA,NA,NA,c(NA, NA),NA,NA,NA,NA,NA,NA,NA
"UTAHDWQ_WQX-4994790",2001-02-13,"UTAHDWQ_WQX","Utah Department Of Environmental Quality","JORDAN R AT UTAH L OUTLET U121 XING","River/Stream",40.360951743,-111.898513582,2,2001,"Final",15.1,NA,NA,NA,0,NA,NA,NA,NA,NA,NA,NA,NA,NA,NA,0.046,NA,NA,NA,NA,NA,NA,NA,0.15,NA,NA,NA,NA,NA,NA,NA,"cfs",0.1,NA,NA,NA,NA,NA,NA,NA,"Jordan River",NA,NA,NA,c(NA, NA),NA,NA,NA,NA,NA,NA,NA
"UTAHDWQ_WQX-4994790",2001-05-10,"UTAHDWQ_WQX","Utah Department Of Environmental Quality","JORDAN R AT UTAH L OUTLET U121 XING","River/Stream",40.360951743,-111.898513582,5,2001,"Final",6.86,NA,NA,NA,0,NA,NA,NA,NA,NA,NA,NA,NA,NA,NA,0.087,NA,NA,NA,NA,NA,NA,NA,0.34,NA,NA,NA,NA,NA,NA,NA,NA,NA,NA,NA,NA,NA,NA,NA,NA,"Jordan River",NA,NA,NA,c(NA, NA),NA,NA,NA,NA,NA,NA,NA
"UTAHDWQ_WQX-4994790",2001-08-07,"UTAHDWQ_WQX","Utah Department Of Environmental Quality","JORDAN R AT UTAH L OUTLET U121 XING","River/Stream",40.360951743,-111.898513582,8,2001,"Final",6.21,NA,NA,NA,0,NA,NA,NA,NA,NA,NA,NA,NA,NA,NA,0.126,NA,NA,NA,NA,NA,NA,NA,NA,NA,NA,NA,NA,NA,NA,NA,NA,NA,NA,NA,NA,NA,NA,NA,NA,"Jordan River",NA,NA,NA,c(NA, NA),NA,NA,NA,NA,NA,NA,NA
"UTAHDWQ_WQX-4994790",2001-10-10,"UTAHDWQ_WQX","Utah Department Of Environmental Quality","JORDAN R AT UTAH L OUTLET U121 XING","River/Stream",40.360951743,-111.898513582,10,2001,"Final",NA,NA,NA,NA,0,NA,NA,NA,NA,NA,NA,NA,NA,NA,NA,0.129,NA,NA,NA,NA,NA,NA,NA,NA,NA,NA,NA,NA,NA,NA,NA,NA,NA,NA,NA,NA,NA,NA,NA,NA,"Jordan River",NA,NA,NA,c(NA, NA),NA,NA,NA,NA,NA,NA,NA
"UTAHDWQ_WQX-4994790",2001-11-28,"UTAHDWQ_WQX","Utah Department Of Environmental Quality","JORDAN R AT UTAH L OUTLET U121 XING","River/Stream",40.360951743,-111.898513582,11,2001,"Final",11.79,NA,NA,NA,0,NA,NA,NA,NA,NA,NA,NA,NA,NA,NA,0.026,NA,NA,NA,NA,NA,NA,NA,0.07,NA,NA,NA,NA,NA,NA,NA,NA,NA,NA,NA,NA,NA,NA,NA,NA,"Jordan River",NA,NA,NA,c(NA, NA),NA,NA,NA,NA,NA,NA,NA
"UTAHDWQ_WQX-4994790",2002-04-18,"UTAHDWQ_WQX","Utah Department Of Environmental Quality","JORDAN R AT UTAH L OUTLET U121 XING","River/Stream",40.360951743,-111.898513582,4,2002,"Final",8.07,NA,NA,NA,0,NA,NA,NA,NA,NA,NA,NA,NA,NA,NA,0.07,NA,NA,NA,NA,NA,NA,NA,0.11,NA,NA,NA,NA,NA,NA,NA,NA,NA,NA,NA,NA,NA,NA,NA,NA,"Jordan River",NA,NA,NA,c(NA, NA),NA,NA,NA,NA,NA,NA,NA
"UTAHDWQ_WQX-4994790",2002-05-22,"UTAHDWQ_WQX","Utah Department Of Environmental Quality","JORDAN R AT UTAH L OUTLET U121 XING","River/Stream",40.360951743,-111.898513582,5,2002,"Final",8.7,NA,NA,NA,0,NA,NA,NA,NA,NA,NA,NA,NA,NA,NA,0.35,NA,NA,NA,NA,NA,NA,NA,0.1,NA,NA,NA,NA,NA,NA,NA,NA,NA,NA,NA,NA,NA,NA,NA,NA,"Jordan River",NA,NA,NA,c(NA, NA),NA,NA,NA,NA,NA,NA,NA
"UTAHDWQ_WQX-4994790",2002-07-09,"UTAHDWQ_WQX","Utah Department Of Environmental Quality","JORDAN R AT UTAH L OUTLET U121 XING","River/Stream",40.360951743,-111.898513582,7,2002,"Final",4.09,NA,NA,NA,0,NA,NA,NA,NA,NA,NA,NA,NA,NA,NA,0.094,NA,NA,NA,NA,NA,NA,NA,NA,NA,NA,NA,NA,NA,NA,NA,"cfs",0.1,NA,NA,NA,NA,NA,NA,NA,"Jordan River",NA,NA,NA,c(NA, NA),NA,NA,NA,NA,NA,NA,NA
"UTAHDWQ_WQX-4994790",2002-10-23,"UTAHDWQ_WQX","Utah Department Of Environmental Quality","JORDAN R AT UTAH L OUTLET U121 XING","River/Stream",40.360951743,-111.898513582,10,2002,"Final",5.73,NA,NA,NA,0,NA,NA,NA,NA,NA,NA,NA,NA,NA,NA,0.065,NA,NA,NA,NA,NA,NA,NA,0.18,NA,NA,NA,NA,NA,NA,NA,NA,NA,NA,NA,NA,NA,NA,NA,NA,"Jordan River",NA,NA,NA,c(NA, NA),NA,NA,NA,NA,NA,NA,NA
"UTAHDWQ_WQX-4994790",2003-01-07,"UTAHDWQ_WQX","Utah Department Of Environmental Quality","JORDAN R AT UTAH L OUTLET U121 XING","River/Stream",40.360951743,-111.898513582,1,2003,"Final",13.19,NA,NA,NA,0,NA,NA,NA,NA,NA,NA,NA,NA,NA,NA,0.035,NA,NA,NA,NA,NA,NA,NA,0.11,NA,NA,NA,NA,NA,NA,NA,NA,NA,NA,NA,NA,NA,NA,NA,NA,"Jordan River",NA,NA,NA,c(NA, NA),NA,NA,NA,NA,NA,NA,NA
"UTAHDWQ_WQX-4994790",2003-02-11,"UTAHDWQ_WQX","Utah Department Of Environmental Quality","JORDAN R AT UTAH L OUTLET U121 XING","River/Stream",40.360951743,-111.898513582,2,2003,"Final",14.89,NA,NA,NA,0,NA,NA,NA,NA,NA,NA,NA,NA,NA,NA,0.055,NA,NA,NA,NA,NA,NA,NA,NA,NA,NA,NA,NA,NA,NA,NA,NA,NA,NA,NA,NA,NA,NA,NA,NA,"Jordan River",NA,NA,NA,c(NA, NA),NA,NA,NA,NA,NA,NA,NA
"UTAHDWQ_WQX-4994790",2003-03-19,"UTAHDWQ_WQX","Utah Department Of Environmental Quality","JORDAN R AT UTAH L OUTLET U121 XING","River/Stream",40.360951743,-111.898513582,3,2003,"Final",11.08,NA,NA,NA,0,NA,NA,NA,NA,NA,NA,NA,NA,NA,NA,0.046,NA,NA,NA,NA,NA,NA,NA,NA,NA,NA,NA,NA,NA,NA,NA,NA,NA,NA,NA,NA,NA,NA,NA,NA,"Jordan River",NA,NA,NA,c(NA, NA),NA,NA,NA,NA,NA,NA,NA
"UTAHDWQ_WQX-4994790",2003-06-03,"UTAHDWQ_WQX","Utah Department Of Environmental Quality","JORDAN R AT UTAH L OUTLET U121 XING","River/Stream",40.360951743,-111.898513582,6,2003,"Final",6.13,NA,NA,NA,0,NA,NA,NA,NA,NA,NA,NA,NA,NA,NA,0.028,NA,NA,NA,NA,NA,NA,NA,0.21,NA,NA,NA,NA,NA,NA,NA,NA,NA,NA,NA,NA,NA,NA,NA,NA,"Jordan River",NA,NA,NA,c(NA, NA),NA,NA,NA,NA,NA,NA,NA
"UTAHDWQ_WQX-4994790",2003-07-29,"UTAHDWQ_WQX","Utah Department Of Environmental Quality","JORDAN R AT UTAH L OUTLET U121 XING","River/Stream",40.360951743,-111.898513582,7,2003,"Final",4.01,NA,NA,NA,0,NA,NA,NA,NA,NA,NA,NA,NA,NA,NA,0.082,NA,NA,NA,NA,NA,NA,NA,NA,NA,NA,NA,NA,NA,NA,NA,NA,NA,NA,NA,NA,NA,NA,NA,NA,"Jordan River",NA,NA,NA,c(NA, NA),NA,NA,NA,NA,NA,NA,NA
"UTAHDWQ_WQX-4994790",2003-09-10,"UTAHDWQ_WQX","Utah Department Of Environmental Quality","JORDAN R AT UTAH L OUTLET U121 XING","River/Stream",40.360951743,-111.898513582,9,2003,"Final",7.38,NA,NA,NA,0,NA,NA,NA,NA,NA,NA,NA,NA,NA,NA,0.803,NA,NA,NA,NA,NA,NA,NA,NA,NA,NA,NA,NA,NA,NA,NA,NA,NA,NA,NA,NA,NA,NA,NA,NA,"Jordan River",NA,NA,NA,c(NA, NA),NA,NA,NA,NA,NA,NA,NA
"UTAHDWQ_WQX-4994790",2003-11-20,"UTAHDWQ_WQX","Utah Department Of Environmental Quality","JORDAN R AT UTAH L OUTLET U121 XING","River/Stream",40.360951743,-111.898513582,11,2003,"Final",10.71,NA,NA,NA,0,NA,NA,NA,NA,NA,NA,NA,NA,NA,NA,0.063,NA,NA,NA,NA,NA,NA,NA,NA,NA,NA,NA,NA,NA,NA,NA,NA,NA,NA,NA,NA,NA,NA,NA,NA,"Jordan River",NA,NA,NA,c(NA, NA),NA,NA,NA,NA,NA,NA,NA
"UTAHDWQ_WQX-4994790",2004-01-08,"UTAHDWQ_WQX","Utah Department Of Environmental Quality","JORDAN R AT UTAH L OUTLET U121 XING","River/Stream",40.360951743,-111.898513582,1,2004,"Final",6.89,NA,NA,NA,0,NA,NA,NA,NA,NA,NA,NA,NA,NA,NA,0.026,NA,NA,NA,NA,NA,NA,NA,2.45,NA,NA,NA,NA,NA,NA,NA,NA,NA,NA,NA,NA,NA,NA,NA,NA,"Jordan River",NA,NA,NA,c(NA, NA),NA,NA,NA,NA,NA,NA,NA
"UTAHDWQ_WQX-4994790",2004-03-03,"UTAHDWQ_WQX","Utah Department Of Environmental Quality","JORDAN R AT UTAH L OUTLET U121 XING","River/Stream",40.360951743,-111.898513582,3,2004,"Final",9.52,NA,NA,NA,0,NA,NA,NA,NA,NA,NA,NA,NA,NA,NA,NA,NA,NA,NA,NA,NA,NA,NA,NA,NA,NA,NA,NA,NA,NA,NA,NA,NA,NA,NA,NA,NA,NA,NA,NA,"Jordan River",NA,NA,NA,c(NA, NA),NA,NA,NA,NA,NA,NA,NA
"UTAHDWQ_WQX-4994790",2004-04-14,"UTAHDWQ_WQX","Utah Department Of Environmental Quality","JORDAN R AT UTAH L OUTLET U121 XING","River/Stream",40.360951743,-111.898513582,4,2004,"Final",5.63,NA,NA,NA,0,NA,NA,NA,NA,NA,NA,NA,NA,NA,NA,0.061,NA,NA,NA,NA,NA,NA,NA,NA,NA,NA,NA,NA,NA,NA,NA,NA,NA,NA,NA,NA,NA,NA,NA,NA,"Jordan River",NA,NA,NA,c(NA, NA),NA,NA,NA,NA,NA,NA,NA
"UTAHDWQ_WQX-4994790",2004-07-05,"UTAHDWQ_WQX","Utah Department Of Environmental Quality","JORDAN R AT UTAH L OUTLET U121 XING","River/Stream",40.360951743,-111.898513582,7,2004,"Final",NA,NA,NA,NA,0,NA,0.07,NA,NA,NA,NA,NA,0.18,NA,NA,0.047,0.023,NA,NA,NA,NA,NA,NA,NA,NA,NA,NA,NA,NA,NA,NA,NA,NA,NA,NA,NA,NA,NA,NA,NA,"Jordan River",NA,NA,NA,c(NA, NA),NA,NA,NA,NA,NA,NA,NA
"UTAHDWQ_WQX-4994790",2004-07-06,"UTAHDWQ_WQX","Utah Department Of Environmental Quality","JORDAN R AT UTAH L OUTLET U121 XING","River/Stream",40.360951743,-111.898513582,7,2004,"Final",6.17,NA,NA,NA,NA,NA,NA,NA,NA,NA,NA,NA,NA,NA,NA,NA,NA,NA,NA,NA,NA,NA,NA,NA,NA,NA,NA,NA,NA,NA,NA,NA,NA,NA,NA,NA,NA,NA,NA,NA,"Jordan River",NA,NA,NA,c(NA, NA),NA,NA,NA,NA,NA,NA,NA
"UTAHDWQ_WQX-4994790",2004-08-19,"UTAHDWQ_WQX","Utah Department Of Environmental Quality","JORDAN R AT UTAH L OUTLET U121 XING","River/Stream",40.360951743,-111.898513582,8,2004,"Final",4.78,NA,NA,NA,0,NA,0.17,NA,NA,NA,NA,NA,NA,NA,NA,0.056,0.022,NA,NA,NA,NA,NA,NA,NA,NA,NA,NA,NA,NA,NA,NA,"cfs",300,NA,NA,NA,NA,NA,NA,NA,"Jordan River",NA,NA,NA,c(NA, NA),NA,NA,NA,NA,NA,NA,NA
"UTAHDWQ_WQX-4994790",2004-09-15,"UTAHDWQ_WQX","Utah Department Of Environmental Quality","JORDAN R AT UTAH L OUTLET U121 XING","River/Stream",40.360951743,-111.898513582,9,2004,"Final",6.89,NA,NA,NA,7,NA,0.07,NA,NA,NA,NA,NA,NA,NA,NA,0.028,NA,NA,NA,NA,NA,NA,NA,NA,NA,NA,NA,NA,NA,NA,NA,NA,NA,NA,NA,NA,NA,NA,NA,NA,"Jordan River",NA,NA,NA,c(NA, NA),NA,NA,NA,NA,NA,NA,NA
"UTAHDWQ_WQX-4994790",2005-06-07,"UTAHDWQ_WQX","Utah Department Of Environmental Quality","JORDAN R AT UTAH L OUTLET U121 XING","River/Stream",40.360951743,-111.898513582,6,2005,"Final",7.02,NA,NA,NA,7,NA,0.16,NA,NA,NA,NA,NA,NA,NA,NA,0.035,NA,NA,NA,NA,NA,NA,NA,NA,NA,NA,NA,NA,NA,NA,NA,"cfs",150,NA,NA,NA,NA,NA,NA,NA,"Jordan River",NA,NA,NA,c(NA, NA),NA,NA,NA,NA,NA,NA,NA
"UTAHDWQ_WQX-4994790",2005-06-14,"UTAHDWQ_WQX","Utah Department Of Environmental Quality","JORDAN R AT UTAH L OUTLET U121 XING","River/Stream",40.360951743,-111.898513582,6,2005,"Final",7,NA,NA,NA,0,NA,0.19,NA,NA,NA,NA,NA,NA,NA,NA,0.041,0.021,NA,NA,NA,NA,NA,NA,NA,NA,NA,NA,NA,NA,NA,NA,"cfs",250,NA,NA,NA,NA,NA,NA,NA,"Jordan River",NA,NA,NA,c(NA, NA),NA,NA,NA,NA,NA,NA,NA
"UTAHDWQ_WQX-4994790",2005-06-28,"UTAHDWQ_WQX","Utah Department Of Environmental Quality","JORDAN R AT UTAH L OUTLET U121 XING","River/Stream",40.360951743,-111.898513582,6,2005,"Final",4.86,NA,NA,NA,2,NA,0.2,NA,NA,NA,NA,NA,0.69,NA,NA,0.055,NA,NA,NA,NA,NA,NA,NA,NA,NA,NA,NA,NA,NA,NA,NA,NA,NA,NA,NA,NA,NA,NA,NA,NA,"Jordan River",NA,NA,NA,c(NA, NA),NA,NA,NA,NA,NA,NA,NA
"UTAHDWQ_WQX-4994790",2005-08-24,"UTAHDWQ_WQX","Utah Department Of Environmental Quality","JORDAN R AT UTAH L OUTLET U121 XING","River/Stream",40.360951743,-111.898513582,8,2005,"Final",2.1,NA,NA,NA,0,NA,3.92,NA,NA,NA,NA,NA,NA,NA,NA,0.2,NA,NA,NA,NA,NA,NA,NA,NA,NA,NA,NA,NA,NA,NA,NA,"cfs",110,NA,NA,NA,NA,NA,NA,NA,"Jordan River",NA,NA,NA,c(NA, NA),NA,NA,NA,NA,NA,NA,NA
"UTAHDWQ_WQX-4994790",2005-10-26,"UTAHDWQ_WQX","Utah Department Of Environmental Quality","JORDAN R AT UTAH L OUTLET U121 XING","River/Stream",40.360951743,-111.898513582,10,2005,"Final",4.6,NA,NA,NA,14,NA,0.38,NA,NA,NA,NA,NA,NA,NA,NA,0.062,NA,NA,NA,NA,NA,NA,NA,0.16,NA,NA,NA,NA,NA,NA,NA,NA,NA,NA,NA,NA,NA,NA,NA,NA,"Jordan River",NA,NA,NA,c(NA, NA),NA,NA,NA,NA,NA,NA,NA
"UTAHDWQ_WQX-4994790",2006-03-07,"UTAHDWQ_WQX","Utah Department Of Environmental Quality","JORDAN R AT UTAH L OUTLET U121 XING","River/Stream",40.360951743,-111.898513582,3,2006,"Final",6.92,NA,NA,NA,0,NA,0.06,NA,NA,NA,NA,NA,NA,NA,NA,0.026,NA,NA,NA,NA,NA,NA,NA,NA,NA,NA,NA,NA,NA,NA,NA,"cfs",17,NA,NA,NA,NA,NA,NA,NA,"Jordan River",NA,NA,NA,c(NA, NA),NA,NA,NA,NA,NA,NA,NA
"UTAHDWQ_WQX-4994790",2006-04-25,"UTAHDWQ_WQX","Utah Department Of Environmental Quality","JORDAN R AT UTAH L OUTLET U121 XING","River/Stream",40.360951743,-111.898513582,4,2006,"Final",7.79,NA,NA,NA,3,NA,0.07,NA,NA,NA,NA,NA,NA,NA,NA,0.05,NA,NA,NA,NA,NA,NA,NA,0.34,NA,NA,NA,NA,NA,NA,NA,NA,NA,NA,NA,NA,NA,NA,NA,NA,"Jordan River",NA,NA,NA,c(NA, NA),NA,NA,NA,NA,NA,NA,NA
"UTAHDWQ_WQX-4994790",2006-06-01,"UTAHDWQ_WQX","Utah Department Of Environmental Quality","JORDAN R AT UTAH L OUTLET U121 XING","River/Stream",40.360951743,-111.898513582,6,2006,"Final",8.13,NA,NA,NA,5,NA,NA,NA,NA,NA,NA,NA,NA,NA,NA,0.036,NA,NA,NA,NA,NA,NA,NA,NA,NA,NA,NA,NA,NA,NA,NA,"cfs",876,NA,NA,NA,NA,NA,NA,NA,"Jordan River",NA,NA,NA,c(NA, NA),NA,NA,NA,NA,NA,NA,NA
"UTAHDWQ_WQX-4994790",2006-07-12,"UTAHDWQ_WQX","Utah Department Of Environmental Quality","JORDAN R AT UTAH L OUTLET U121 XING","River/Stream",40.360951743,-111.898513582,7,2006,"Final",6.34,NA,NA,NA,6,NA,NA,NA,NA,NA,NA,NA,NA,NA,NA,0.064,NA,NA,NA,NA,NA,NA,NA,NA,NA,NA,NA,NA,NA,NA,NA,"cfs",155,NA,NA,NA,NA,NA,NA,NA,"Jordan River",NA,NA,NA,c(NA, NA),NA,NA,NA,NA,NA,NA,NA
"UTAHDWQ_WQX-4994790",2006-08-08,"UTAHDWQ_WQX","Utah Department Of Environmental Quality","JORDAN R AT UTAH L OUTLET U121 XING","River/Stream",40.360951743,-111.898513582,8,2006,"Final",NA,NA,NA,NA,NA,NA,NA,NA,NA,NA,NA,NA,NA,NA,NA,NA,NA,NA,NA,NA,NA,NA,NA,NA,NA,5,51.4,NA,NA,NA,NA,NA,NA,NA,NA,NA,NA,NA,NA,NA,"Jordan River",NA,NA,NA,c(NA, NA),NA,NA,NA,NA,NA,NA,NA
"UTAHDWQ_WQX-4994790",2006-08-09,"UTAHDWQ_WQX","Utah Department Of Environmental Quality","JORDAN R AT UTAH L OUTLET U121 XING","River/Stream",40.360951743,-111.898513582,8,2006,"Final",NA,NA,NA,NA,NA,NA,NA,NA,NA,NA,NA,NA,NA,NA,NA,NA,NA,NA,NA,NA,NA,NA,NA,NA,NA,6.1,128.5,NA,NA,NA,NA,NA,NA,NA,NA,NA,NA,NA,NA,NA,"Jordan River",NA,NA,NA,c(NA, NA),NA,NA,NA,NA,NA,NA,NA
"UTAHDWQ_WQX-4994790",2006-08-10,"UTAHDWQ_WQX","Utah Department Of Environmental Quality","JORDAN R AT UTAH L OUTLET U121 XING","River/Stream",40.360951743,-111.898513582,8,2006,"Final",NA,NA,NA,NA,NA,NA,NA,NA,NA,NA,NA,NA,NA,NA,NA,NA,NA,NA,NA,NA,NA,NA,NA,NA,NA,5.1,6.7,NA,NA,NA,NA,NA,NA,NA,NA,NA,NA,NA,NA,NA,"Jordan River",NA,NA,NA,c(NA, NA),NA,NA,NA,NA,NA,NA,NA
"UTAHDWQ_WQX-4994790",2006-09-06,"UTAHDWQ_WQX","Utah Department Of Environmental Quality","JORDAN R AT UTAH L OUTLET U121 XING","River/Stream",40.360951743,-111.898513582,9,2006,"Final",5.84,NA,NA,NA,8,NA,0.656,NA,NA,NA,NA,NA,NA,NA,NA,0.113,NA,NA,NA,NA,NA,NA,NA,NA,NA,NA,NA,NA,NA,NA,NA,NA,NA,NA,NA,NA,NA,NA,NA,NA,"Jordan River",NA,NA,NA,c(NA, NA),NA,NA,NA,NA,NA,NA,NA
"UTAHDWQ_WQX-4994790",2006-10-02,"UTAHDWQ_WQX","Utah Department Of Environmental Quality","JORDAN R AT UTAH L OUTLET U121 XING","River/Stream",40.360951743,-111.898513582,10,2006,"Final",NA,NA,NA,NA,NA,NA,NA,NA,NA,NA,NA,NA,NA,NA,NA,NA,NA,NA,NA,NA,NA,NA,NA,NA,NA,5.6,9.5,NA,NA,NA,NA,NA,NA,NA,NA,NA,NA,NA,NA,NA,"Jordan River",NA,NA,NA,c(NA, NA),NA,NA,NA,NA,NA,NA,NA
"UTAHDWQ_WQX-4994790",2006-10-03,"UTAHDWQ_WQX","Utah Department Of Environmental Quality","JORDAN R AT UTAH L OUTLET U121 XING","River/Stream",40.360951743,-111.898513582,10,2006,"Final",NA,NA,NA,NA,NA,NA,NA,NA,NA,NA,NA,NA,NA,NA,NA,NA,NA,NA,NA,NA,NA,NA,NA,NA,NA,5.6,9.6,NA,NA,NA,NA,NA,NA,NA,NA,NA,NA,NA,NA,NA,"Jordan River",NA,NA,NA,c(NA, NA),NA,NA,NA,NA,NA,NA,NA
"UTAHDWQ_WQX-4994790",2006-10-04,"UTAHDWQ_WQX","Utah Department Of Environmental Quality","JORDAN R AT UTAH L OUTLET U121 XING","River/Stream",40.360951743,-111.898513582,10,2006,"Final",NA,NA,NA,NA,NA,NA,NA,NA,NA,NA,NA,NA,NA,NA,NA,NA,NA,NA,NA,NA,NA,NA,NA,NA,NA,5.3,14.9,NA,NA,NA,NA,NA,NA,NA,NA,NA,NA,NA,NA,NA,"Jordan River",NA,NA,NA,c(NA, NA),NA,NA,NA,NA,NA,NA,NA
"UTAHDWQ_WQX-4994790",2006-10-24,"UTAHDWQ_WQX","Utah Department Of Environmental Quality","JORDAN R AT UTAH L OUTLET U121 XING","River/Stream",40.360951743,-111.898513582,10,2006,"Final",5.52,NA,NA,NA,1,NA,0.63,NA,NA,NA,NA,NA,NA,NA,NA,0.058,NA,NA,NA,NA,NA,NA,NA,0.48,NA,NA,NA,NA,NA,NA,NA,"cfs",130,NA,NA,NA,NA,NA,NA,NA,"Jordan River",NA,NA,NA,c(NA, NA),NA,NA,NA,NA,NA,NA,NA
"UTAHDWQ_WQX-4994790",2007-02-27,"UTAHDWQ_WQX","Utah Department Of Environmental Quality","JORDAN R AT UTAH L OUTLET U121 XING","River/Stream",40.360951743,-111.898513582,2,2007,"Final",NA,NA,NA,NA,NA,NA,NA,NA,NA,NA,NA,NA,NA,NA,NA,NA,NA,NA,NA,NA,NA,NA,NA,NA,NA,5.3,9.05,NA,NA,NA,NA,NA,NA,NA,NA,NA,NA,NA,NA,NA,"Jordan River",NA,NA,NA,c(NA, NA),NA,NA,NA,NA,NA,NA,NA
"UTAHDWQ_WQX-4994790",2007-02-28,"UTAHDWQ_WQX","Utah Department Of Environmental Quality","JORDAN R AT UTAH L OUTLET U121 XING","River/Stream",40.360951743,-111.898513582,2,2007,"Final",NA,NA,NA,NA,NA,NA,NA,NA,NA,NA,NA,NA,NA,NA,NA,NA,NA,NA,NA,NA,NA,NA,NA,NA,NA,5.25,5.7,NA,NA,NA,NA,NA,NA,NA,NA,NA,NA,NA,NA,NA,"Jordan River",NA,NA,NA,c(NA, NA),NA,NA,NA,NA,NA,NA,NA
"UTAHDWQ_WQX-4994790",2007-03-01,"UTAHDWQ_WQX","Utah Department Of Environmental Quality","JORDAN R AT UTAH L OUTLET U121 XING","River/Stream",40.360951743,-111.898513582,3,2007,"Final",NA,NA,NA,NA,NA,NA,NA,NA,NA,NA,NA,NA,NA,NA,NA,NA,NA,NA,NA,NA,NA,NA,NA,NA,NA,5.45,16.55,NA,NA,NA,NA,NA,NA,NA,NA,NA,NA,NA,NA,NA,"Jordan River",NA,NA,NA,c(NA, NA),NA,NA,NA,NA,NA,NA,NA
"UTAHDWQ_WQX-4994790",2007-03-07,"UTAHDWQ_WQX","Utah Department Of Environmental Quality","JORDAN R AT UTAH L OUTLET U121 XING","River/Stream",40.360951743,-111.898513582,3,2007,"Final",14.13,NA,NA,NA,5,NA,0.05,NA,NA,NA,NA,NA,NA,NA,NA,0.022,NA,NA,NA,NA,NA,NA,NA,0.19,NA,NA,NA,NA,NA,NA,NA,"cfs",1200,NA,NA,NA,NA,NA,NA,NA,"Jordan River",NA,NA,NA,c(NA, NA),NA,NA,NA,NA,NA,NA,NA
"UTAHDWQ_WQX-4994790",2007-04-25,"UTAHDWQ_WQX","Utah Department Of Environmental Quality","JORDAN R AT UTAH L OUTLET U121 XING","River/Stream",40.360951743,-111.898513582,4,2007,"Final",10.77,NA,NA,NA,8,NA,0.07,NA,NA,NA,NA,NA,NA,NA,NA,0.045,NA,NA,NA,NA,NA,NA,NA,0.2,NA,NA,NA,NA,NA,NA,NA,"cfs",450,NA,NA,NA,NA,NA,NA,NA,"Jordan River",NA,NA,NA,c(NA, NA),NA,NA,NA,NA,NA,NA,NA
"UTAHDWQ_WQX-4994790",2007-06-18,"UTAHDWQ_WQX","Utah Department Of Environmental Quality","JORDAN R AT UTAH L OUTLET U121 XING","River/Stream",40.360951743,-111.898513582,6,2007,"Final",7.76,NA,NA,NA,7,NA,NA,NA,NA,NA,NA,NA,NA,NA,NA,0.05,NA,NA,NA,NA,NA,NA,NA,NA,NA,NA,NA,NA,NA,NA,NA,"cfs",110,NA,NA,NA,NA,NA,NA,NA,"Jordan River",NA,NA,NA,c(NA, NA),NA,NA,NA,NA,NA,NA,NA
"UTAHDWQ_WQX-4994790",2007-07-25,"UTAHDWQ_WQX","Utah Department Of Environmental Quality","JORDAN R AT UTAH L OUTLET U121 XING","River/Stream",40.360951743,-111.898513582,7,2007,"Final",5.58,NA,NA,NA,1,NA,0.23,NA,NA,NA,NA,NA,NA,NA,NA,0.115,NA,NA,NA,NA,NA,NA,NA,NA,NA,NA,NA,NA,NA,NA,NA,"cfs",450,NA,NA,NA,NA,NA,NA,NA,"Jordan River",NA,NA,NA,c(NA, NA),NA,NA,NA,NA,NA,NA,NA
"UTAHDWQ_WQX-4994790",2007-09-04,"UTAHDWQ_WQX","Utah Department Of Environmental Quality","JORDAN R AT UTAH L OUTLET U121 XING","River/Stream",40.360951743,-111.898513582,9,2007,"Final",NA,NA,NA,NA,NA,NA,NA,NA,NA,NA,NA,NA,NA,NA,NA,NA,NA,NA,NA,NA,NA,NA,NA,NA,NA,7,10.4,NA,NA,NA,NA,NA,NA,NA,NA,NA,NA,NA,NA,NA,"Jordan River",NA,NA,NA,c(NA, NA),NA,NA,NA,NA,NA,NA,NA
"UTAHDWQ_WQX-4994790",2007-09-05,"UTAHDWQ_WQX","Utah Department Of Environmental Quality","JORDAN R AT UTAH L OUTLET U121 XING","River/Stream",40.360951743,-111.898513582,9,2007,"Final",NA,NA,NA,NA,NA,NA,NA,NA,NA,NA,NA,NA,NA,NA,NA,NA,NA,NA,NA,NA,NA,NA,NA,NA,NA,7.2,20,NA,NA,NA,NA,NA,NA,NA,NA,NA,NA,NA,NA,NA,"Jordan River",NA,NA,NA,c(NA, NA),NA,NA,NA,NA,NA,NA,NA
"UTAHDWQ_WQX-4994790",2007-09-26,"UTAHDWQ_WQX","Utah Department Of Environmental Quality","JORDAN R AT UTAH L OUTLET U121 XING","River/Stream",40.360951743,-111.898513582,9,2007,"Final",NA,NA,NA,NA,0,NA,0.63,NA,NA,NA,NA,NA,NA,NA,NA,0.118,NA,NA,NA,NA,NA,NA,NA,NA,NA,NA,NA,NA,NA,NA,NA,NA,NA,NA,NA,NA,NA,NA,NA,NA,"Jordan River",NA,NA,NA,c(NA, NA),NA,NA,NA,NA,NA,NA,NA
"UTAHDWQ_WQX-4994790",2007-11-27,"UTAHDWQ_WQX","Utah Department Of Environmental Quality","JORDAN R AT UTAH L OUTLET U121 XING","River/Stream",40.360951743,-111.898513582,11,2007,"Final",20.78,NA,NA,NA,2,NA,0.11,0.18,NA,NA,NA,NA,NA,NA,1,0.02,NA,NA,NA,NA,NA,NA,NA,NA,NA,NA,NA,0.02,NA,NA,NA,NA,NA,NA,NA,NA,NA,NA,NA,NA,"Jordan River",NA,NA,NA,c(NA, NA),NA,NA,NA,NA,NA,NA,NA
"UTAHDWQ_WQX-4994790",2008-01-08,"UTAHDWQ_WQX","Utah Department Of Environmental Quality","JORDAN R AT UTAH L OUTLET U121 XING","River/Stream",40.360951743,-111.898513582,1,2008,"Final",11.87,NA,NA,NA,0,NA,0.88,NA,NA,NA,NA,NA,NA,NA,NA,0.056,NA,NA,NA,NA,NA,NA,NA,1.22,NA,NA,NA,NA,NA,NA,NA,NA,NA,NA,NA,NA,NA,NA,NA,NA,"Jordan River",NA,NA,NA,c(NA, NA),NA,NA,NA,NA,NA,NA,NA
"UTAHDWQ_WQX-4994790",2008-02-12,"UTAHDWQ_WQX","Utah Department Of Environmental Quality","JORDAN R AT UTAH L OUTLET U121 XING","River/Stream",40.360951743,-111.898513582,2,2008,"Final",10.73,NA,NA,NA,2,NA,NA,4.01,NA,NA,NA,NA,NA,NA,NA,0.027,0.02,NA,NA,NA,NA,NA,NA,NA,NA,NA,NA,NA,4,NA,NA,NA,NA,NA,NA,NA,NA,NA,NA,NA,"Jordan River",NA,NA,NA,c(NA, NA),NA,NA,NA,NA,NA,NA,NA
"UTAHDWQ_WQX-4994790",2008-04-01,"UTAHDWQ_WQX","Utah Department Of Environmental Quality","JORDAN R AT UTAH L OUTLET U121 XING","River/Stream",40.360951743,-111.898513582,4,2008,"Final",8.93,NA,NA,NA,NA,NA,0.1,0.06,NA,NA,NA,NA,NA,NA,0.86,NA,NA,NA,NA,NA,NA,NA,NA,NA,NA,NA,NA,NA,NA,NA,NA,NA,NA,NA,NA,NA,NA,NA,NA,NA,"Jordan River",NA,NA,NA,c(NA, NA),NA,NA,NA,NA,NA,NA,NA
"UTAHDWQ_WQX-4994790",2008-04-16,"UTAHDWQ_WQX","Utah Department Of Environmental Quality","JORDAN R AT UTAH L OUTLET U121 XING","River/Stream",40.360951743,-111.898513582,4,2008,"Final",8.94,NA,NA,NA,11,NA,0.12,0.16,NA,NA,NA,NA,NA,NA,0.86,0.059,NA,NA,NA,NA,NA,NA,NA,NA,NA,NA,NA,NA,3,NA,NA,NA,NA,NA,NA,NA,NA,NA,NA,NA,"Jordan River",NA,NA,NA,c(NA, NA),NA,NA,NA,NA,NA,NA,NA
"UTAHDWQ_WQX-4994790",2008-05-20,"UTAHDWQ_WQX","Utah Department Of Environmental Quality","JORDAN R AT UTAH L OUTLET U121 XING","River/Stream",40.360951743,-111.898513582,5,2008,"Final",7.1,NA,NA,NA,9,NA,0.07,0.2,NA,NA,NA,NA,NA,NA,1.69,0.037,0.024,NA,NA,NA,NA,NA,NA,NA,NA,NA,NA,NA,4,NA,NA,NA,NA,NA,NA,NA,NA,NA,NA,NA,"Jordan River",NA,NA,NA,c(NA, NA),NA,NA,NA,NA,NA,NA,NA
"UTAHDWQ_WQX-4994790",2008-06-17,"UTAHDWQ_WQX","Utah Department Of Environmental Quality","JORDAN R AT UTAH L OUTLET U121 XING","River/Stream",40.360951743,-111.898513582,6,2008,"Final",6.11,NA,NA,NA,17,NA,NA,0.18,NA,NA,NA,NA,NA,NA,0.72,0.03,NA,NA,NA,NA,NA,NA,NA,NA,NA,NA,NA,0.06,NA,NA,NA,NA,NA,NA,NA,NA,NA,NA,NA,NA,"Jordan River",NA,NA,NA,c(NA, NA),NA,NA,NA,NA,NA,NA,NA
"UTAHDWQ_WQX-4994790",2008-07-29,"UTAHDWQ_WQX","Utah Department Of Environmental Quality","JORDAN R AT UTAH L OUTLET U121 XING","River/Stream",40.360951743,-111.898513582,7,2008,"Final",4.82,NA,NA,NA,15,NA,NA,NA,NA,NA,NA,NA,NA,NA,NA,0.077,0.021,NA,NA,NA,NA,0.51,NA,NA,NA,NA,NA,NA,8,NA,NA,NA,NA,NA,NA,NA,NA,NA,NA,NA,"Jordan River",NA,NA,NA,c(NA, NA),NA,NA,NA,NA,NA,NA,NA
"UTAHDWQ_WQX-4994790",2008-08-25,"UTAHDWQ_WQX","Utah Department Of Environmental Quality","JORDAN R AT UTAH L OUTLET U121 XING","River/Stream",40.360951743,-111.898513582,8,2008,"Final",5.29,NA,NA,NA,0,NA,NA,NA,NA,NA,NA,NA,NA,NA,NA,0.165,0.02,NA,NA,NA,NA,0.616,NA,NA,NA,6.9,121.4,NA,11,NA,NA,NA,NA,NA,NA,NA,NA,NA,NA,NA,"Jordan River",NA,NA,NA,c(NA, NA),NA,NA,NA,NA,NA,NA,NA
"UTAHDWQ_WQX-4994790",2008-08-26,"UTAHDWQ_WQX","Utah Department Of Environmental Quality","JORDAN R AT UTAH L OUTLET U121 XING","River/Stream",40.360951743,-111.898513582,8,2008,"Final",7.47,NA,NA,NA,11,NA,NA,NA,NA,NA,NA,NA,NA,NA,NA,0.158,NA,NA,NA,NA,NA,0.674,NA,NA,NA,6.9,110.4,NA,28,NA,NA,NA,NA,NA,NA,NA,NA,NA,NA,NA,"Jordan River",NA,NA,NA,c(NA, NA),NA,NA,NA,NA,NA,NA,NA
"UTAHDWQ_WQX-4994790",2008-08-27,"UTAHDWQ_WQX","Utah Department Of Environmental Quality","JORDAN R AT UTAH L OUTLET U121 XING","River/Stream",40.360951743,-111.898513582,8,2008,"Final",3.97,NA,NA,NA,11,NA,NA,NA,NA,NA,NA,NA,NA,NA,NA,0.13864,0.02,NA,NA,NA,NA,0.644,NA,NA,NA,7.3,58.7,NA,50,NA,NA,NA,NA,NA,NA,NA,NA,NA,NA,NA,"Jordan River",NA,NA,NA,c(NA, NA),NA,NA,NA,NA,NA,NA,NA
"UTAHDWQ_WQX-4994790",2008-10-06,"UTAHDWQ_WQX","Utah Department Of Environmental Quality","JORDAN R AT UTAH L OUTLET U121 XING","River/Stream",40.360951743,-111.898513582,10,2008,"Final",7.25,NA,NA,NA,0,NA,0.26,NA,NA,NA,NA,NA,0.11,NA,NA,0.064,0.02,NA,NA,NA,NA,0.965,NA,NA,NA,NA,NA,NA,10,NA,NA,NA,NA,NA,NA,NA,NA,NA,NA,NA,"Jordan River",NA,NA,NA,c(NA, NA),NA,NA,NA,NA,NA,NA,NA
"UTAHDWQ_WQX-4994790",2008-12-17,"UTAHDWQ_WQX","Utah Department Of Environmental Quality","JORDAN R AT UTAH L OUTLET U121 XING","River/Stream",40.360951743,-111.898513582,12,2008,"Final",11.12,NA,NA,NA,0,NA,0.059,NA,NA,NA,NA,NA,1.79,NA,NA,NA,NA,NA,NA,NA,NA,2.11,NA,NA,NA,NA,NA,NA,3,NA,NA,"cfs",12,NA,NA,NA,NA,NA,NA,NA,"Jordan River",NA,NA,NA,c(NA, NA),NA,NA,NA,NA,NA,NA,NA
"UTAHDWQ_WQX-4994790",2009-03-10,"UTAHDWQ_WQX","Utah Department Of Environmental Quality","JORDAN R AT UTAH L OUTLET U121 XING","River/Stream",40.360951743,-111.898513582,3,2009,"Final",16.91,NA,NA,NA,NA,NA,NA,NA,NA,NA,NA,NA,NA,NA,NA,NA,NA,NA,NA,NA,NA,NA,NA,NA,NA,NA,NA,NA,NA,NA,NA,NA,NA,NA,NA,NA,NA,NA,NA,NA,"Jordan River",NA,NA,NA,c(NA, NA),NA,NA,NA,NA,NA,NA,NA
"UTAHDWQ_WQX-4994790",2009-04-14,"UTAHDWQ_WQX","Utah Department Of Environmental Quality","JORDAN R AT UTAH L OUTLET U121 XING","River/Stream",40.360951743,-111.898513582,4,2009,"Accepted",8.31,NA,NA,NA,1,NA,0.285,NA,NA,NA,NA,NA,0.124,NA,NA,0.057,NA,NA,NA,NA,NA,NA,NA,NA,0.862,NA,NA,NA,NA,NA,NA,"cfs",100,NA,NA,NA,NA,NA,NA,NA,"Jordan River",NA,NA,NA,c(NA, NA),NA,NA,NA,NA,NA,NA,NA
"UTAHDWQ_WQX-4994790",2009-04-20,"UTAHDWQ_WQX","Utah Department Of Environmental Quality","JORDAN R AT UTAH L OUTLET U121 XING","River/Stream",40.360951743,-111.898513582,4,2009,"Accepted",8.04,NA,NA,NA,2,NA,0.226,NA,NA,NA,NA,NA,0.242,NA,NA,0.04,0.041,NA,NA,NA,NA,NA,NA,NA,0.88,NA,NA,NA,3,NA,NA,NA,NA,NA,NA,NA,NA,NA,NA,NA,"Jordan River",NA,NA,NA,c(NA, NA),NA,NA,NA,NA,NA,NA,NA
"UTAHDWQ_WQX-4994790",2009-04-30,"UTAHDWQ_WQX","Utah Department Of Environmental Quality","JORDAN R AT UTAH L OUTLET U121 XING","River/Stream",40.360951743,-111.898513582,4,2009,"Accepted",9.58,NA,NA,NA,5,NA,0.403,NA,NA,NA,NA,NA,0.202,NA,NA,0.047,NA,NA,NA,NA,NA,NA,NA,0.19,0.912,NA,NA,NA,NA,NA,NA,"cfs",600,NA,NA,NA,NA,NA,NA,NA,"Jordan River",NA,NA,NA,c(NA, NA),NA,NA,NA,NA,NA,NA,NA
"UTAHDWQ_WQX-4994790",2009-05-12,"UTAHDWQ_WQX","Utah Department Of Environmental Quality","JORDAN R AT UTAH L OUTLET U121 XING","River/Stream",40.360951743,-111.898513582,5,2009,"Accepted",NA,NA,NA,NA,NA,NA,0.09,NA,NA,NA,NA,NA,0.138,NA,NA,0.073,0.039,NA,NA,NA,NA,NA,NA,0.14,0.635,4.5,NA,NA,NA,NA,NA,NA,NA,NA,NA,NA,NA,NA,NA,NA,"Jordan River",NA,NA,NA,c(NA, NA),NA,NA,NA,NA,NA,NA,NA
"UTAHDWQ_WQX-4994790",2009-05-26,"UTAHDWQ_WQX","Utah Department Of Environmental Quality","JORDAN R AT UTAH L OUTLET U121 XING","River/Stream",40.360951743,-111.898513582,5,2009,"Accepted",6.98,NA,NA,NA,5,NA,0.115,NA,NA,NA,NA,NA,0.149,NA,NA,0.056,0.047,NA,NA,NA,NA,NA,NA,NA,0.648,NA,NA,NA,NA,NA,NA,NA,NA,NA,NA,NA,NA,NA,NA,NA,"Jordan River",NA,NA,NA,c(NA, NA),NA,NA,NA,NA,NA,NA,NA
"UTAHDWQ_WQX-4994790",2009-06-02,"UTAHDWQ_WQX","Utah Department Of Environmental Quality","JORDAN R AT UTAH L OUTLET U121 XING","River/Stream",40.360951743,-111.898513582,6,2009,"Accepted",NA,NA,NA,NA,7,NA,0.125,NA,NA,NA,NA,NA,0.104,NA,NA,0.046,0.048,NA,NA,NA,NA,NA,NA,NA,0.712,NA,NA,NA,NA,NA,NA,NA,NA,NA,NA,NA,NA,NA,NA,NA,"Jordan River",NA,NA,NA,c(NA, NA),NA,NA,NA,NA,NA,NA,NA
"UTAHDWQ_WQX-4994790",2009-06-22,"UTAHDWQ_WQX","Utah Department Of Environmental Quality","JORDAN R AT UTAH L OUTLET U121 XING","River/Stream",40.360951743,-111.898513582,6,2009,"Accepted",7.09,NA,NA,NA,5,NA,0.106,NA,NA,NA,NA,NA,NA,NA,NA,0.079,0.053,NA,NA,NA,NA,NA,NA,NA,0.437,NA,NA,NA,4,NA,NA,NA,NA,NA,NA,NA,NA,NA,NA,NA,"Jordan River",NA,NA,NA,c(NA, NA),NA,NA,NA,NA,NA,NA,NA
"UTAHDWQ_WQX-4994790",2009-06-23,"UTAHDWQ_WQX","Utah Department Of Environmental Quality","JORDAN R AT UTAH L OUTLET U121 XING","River/Stream",40.360951743,-111.898513582,6,2009,"Accepted",8.45,NA,NA,NA,3,NA,0.29,NA,NA,NA,NA,NA,NA,NA,NA,0.027,0.04,NA,NA,NA,NA,NA,NA,NA,0.884,NA,NA,NA,NA,NA,NA,"cfs",2500,NA,NA,NA,NA,NA,NA,NA,"Jordan River",NA,NA,NA,c(NA, NA),NA,NA,NA,NA,NA,NA,NA
"UTAHDWQ_WQX-4994790",2009-07-13,"UTAHDWQ_WQX","Utah Department Of Environmental Quality","JORDAN R AT UTAH L OUTLET U121 XING","River/Stream",40.360951743,-111.898513582,7,2009,"Accepted",6.83,NA,NA,NA,6,NA,NA,NA,NA,NA,NA,NA,NA,NA,NA,0.068,0.043,NA,NA,NA,NA,NA,NA,NA,0.429,NA,NA,NA,4,NA,NA,NA,NA,NA,NA,NA,NA,NA,NA,NA,"Jordan River",NA,NA,NA,c(NA, NA),NA,NA,NA,NA,NA,NA,NA
"UTAHDWQ_WQX-4994790",2009-07-21,"UTAHDWQ_WQX","Utah Department Of Environmental Quality","JORDAN R AT UTAH L OUTLET U121 XING","River/Stream",40.360951743,-111.898513582,7,2009,"Accepted",NA,NA,NA,NA,3,NA,NA,NA,NA,NA,NA,NA,NA,NA,NA,0.07,0.058,NA,NA,NA,NA,NA,NA,NA,0.753,NA,NA,NA,NA,NA,NA,NA,NA,NA,NA,NA,NA,NA,NA,NA,"Jordan River",NA,NA,NA,c(NA, NA),NA,NA,NA,NA,NA,NA,NA
"UTAHDWQ_WQX-4994790",2009-08-18,"UTAHDWQ_WQX","Utah Department Of Environmental Quality","JORDAN R AT UTAH L OUTLET U121 XING","River/Stream",40.360951743,-111.898513582,8,2009,"Accepted",NA,NA,NA,NA,NA,NA,NA,NA,NA,NA,NA,NA,NA,NA,NA,NA,NA,NA,NA,NA,NA,NA,NA,NA,NA,NA,NA,NA,NA,20.8,NA,NA,NA,NA,NA,NA,NA,NA,NA,NA,"Jordan River",NA,NA,NA,c(NA, NA),NA,NA,NA,NA,NA,NA,NA
"UTAHDWQ_WQX-4994790",2009-08-19,"UTAHDWQ_WQX","Utah Department Of Environmental Quality","JORDAN R AT UTAH L OUTLET U121 XING","River/Stream",40.360951743,-111.898513582,8,2009,"Accepted",NA,NA,NA,NA,NA,NA,NA,NA,NA,NA,NA,NA,NA,NA,NA,NA,NA,NA,NA,NA,NA,NA,NA,NA,NA,NA,NA,NA,NA,37.4,NA,NA,NA,NA,NA,NA,NA,NA,NA,NA,"Jordan River",NA,NA,NA,c(NA, NA),NA,NA,NA,NA,NA,NA,NA
"UTAHDWQ_WQX-4994790",2009-08-20,"UTAHDWQ_WQX","Utah Department Of Environmental Quality","JORDAN R AT UTAH L OUTLET U121 XING","River/Stream",40.360951743,-111.898513582,8,2009,"Accepted",NA,NA,NA,NA,NA,NA,NA,NA,NA,NA,NA,NA,NA,NA,NA,NA,NA,NA,NA,NA,NA,NA,NA,NA,NA,NA,NA,NA,NA,21.3,NA,NA,NA,NA,NA,NA,NA,NA,NA,NA,"Jordan River",NA,NA,NA,c(NA, NA),NA,NA,NA,NA,NA,NA,NA
"UTAHDWQ_WQX-4994790",2009-08-25,"UTAHDWQ_WQX","Utah Department Of Environmental Quality","JORDAN R AT UTAH L OUTLET U121 XING","River/Stream",40.360951743,-111.898513582,8,2009,"Accepted",6.35,NA,NA,NA,4,NA,0.42,NA,NA,NA,NA,NA,0.287,NA,NA,0.076,0.048,NA,NA,NA,NA,NA,NA,NA,1.37,4.5,NA,NA,8,NA,NA,"cfs",900,NA,NA,NA,NA,NA,NA,NA,"Jordan River",NA,NA,NA,c(NA, NA),NA,NA,NA,NA,NA,NA,NA
"UTAHDWQ_WQX-4994790",2009-09-28,"UTAHDWQ_WQX","Utah Department Of Environmental Quality","JORDAN R AT UTAH L OUTLET U121 XING","River/Stream",40.360951743,-111.898513582,9,2009,"Accepted",7.12,NA,NA,NA,9,NA,NA,NA,NA,NA,NA,NA,NA,NA,NA,0.124,0.057,NA,NA,NA,NA,NA,NA,NA,0.602,NA,NA,NA,NA,NA,NA,"cfs",800,NA,NA,NA,NA,NA,NA,NA,"Jordan River",NA,NA,NA,c(NA, NA),NA,NA,NA,NA,NA,NA,NA
"UTAHDWQ_WQX-4994790",2009-10-15,"UTAHDWQ_WQX","Utah Department Of Environmental Quality","JORDAN R AT UTAH L OUTLET U121 XING","River/Stream",40.360951743,-111.898513582,10,2009,"Accepted",6.8,NA,NA,NA,7,NA,0.172,NA,NA,NA,NA,NA,0.236,NA,NA,0.104,0.061,NA,NA,NA,NA,NA,NA,NA,0.922,NA,NA,NA,NA,17.3,NA,NA,NA,NA,NA,NA,NA,NA,NA,NA,"Jordan River",NA,NA,NA,c(NA, NA),NA,NA,NA,NA,NA,NA,NA
"UTAHDWQ_WQX-4994790",2009-10-26,"UTAHDWQ_WQX","Utah Department Of Environmental Quality","JORDAN R AT UTAH L OUTLET U121 XING","River/Stream",40.360951743,-111.898513582,10,2009,"Accepted",8.47,NA,NA,NA,7,NA,0.34,NA,NA,NA,NA,NA,0.227,NA,NA,0.049,0.052,NA,NA,NA,NA,NA,NA,0.221,1.16,NA,NA,NA,NA,NA,NA,NA,NA,NA,NA,NA,NA,NA,NA,NA,"Jordan River",NA,NA,NA,c(NA, NA),NA,NA,NA,NA,NA,NA,NA
"UTAHDWQ_WQX-4994790",2009-11-30,"UTAHDWQ_WQX","Utah Department Of Environmental Quality","JORDAN R AT UTAH L OUTLET U121 XING","River/Stream",40.360951743,-111.898513582,11,2009,"Accepted",NA,NA,NA,NA,3,NA,0.259,NA,NA,NA,NA,NA,0.52,NA,NA,NA,0.057,NA,NA,NA,NA,NA,NA,0.52,1.7,5.5,NA,NA,3,NA,NA,NA,NA,NA,NA,NA,NA,NA,NA,NA,"Jordan River",NA,NA,NA,c(NA, NA),NA,NA,NA,NA,NA,NA,NA
"UTAHDWQ_WQX-4994790",2010-01-18,"UTAHDWQ_WQX","Utah Department Of Environmental Quality","JORDAN R AT UTAH L OUTLET U121 XING","River/Stream",40.360951743,-111.898513582,1,2010,"Accepted",10.28,NA,NA,NA,NA,NA,1.05,NA,NA,NA,NA,NA,1.29,NA,NA,0.053,0.046,NA,NA,NA,NA,NA,NA,1.14,3.31,NA,NA,NA,NA,NA,NA,"cfs",0,NA,NA,NA,NA,NA,NA,NA,"Jordan River",NA,NA,NA,c(NA, NA),0,0,0,0,0,0,0
"UTAHDWQ_WQX-4994790",2010-01-20,"UTAHDWQ_WQX","Utah Department Of Environmental Quality","JORDAN R AT UTAH L OUTLET U121 XING","River/Stream",40.360951743,-111.898513582,1,2010,"Accepted",NA,NA,NA,NA,NA,NA,0.297,NA,NA,NA,NA,NA,2,NA,NA,0.052,0.052,NA,NA,NA,NA,NA,NA,NA,2.54,NA,NA,NA,NA,5.9,NA,NA,NA,NA,NA,NA,NA,NA,NA,NA,"Jordan River",NA,NA,NA,c(NA, NA),8,NA,49.7143332864,1.01777375232,1.01777375232,NA,NA
"UTAHDWQ_WQX-4994790",2010-02-09,"UTAHDWQ_WQX","Utah Department Of Environmental Quality","JORDAN R AT UTAH L OUTLET U121 XING","River/Stream",40.360951743,-111.898513582,2,2010,"Accepted",19.49,NA,NA,NA,2,NA,0.07,NA,NA,NA,NA,NA,0.709,NA,NA,0.129,0.09,NA,NA,NA,NA,NA,NA,NA,1.17,NA,NA,NA,NA,24.9,NA,NA,NA,NA,NA,NA,NA,NA,NA,NA,"Jordan River",NA,NA,NA,c(NA, NA),892.821,NA,2555.69000433777,281.781205606472,196.591538795213,NA,NA
"UTAHDWQ_WQX-4994790",2010-02-15,"UTAHDWQ_WQX","Utah Department Of Environmental Quality","JORDAN R AT UTAH L OUTLET U121 XING","River/Stream",40.360951743,-111.898513582,2,2010,"Accepted",10.28,NA,NA,NA,2,NA,NA,NA,NA,NA,NA,NA,0.464,NA,NA,0.084,0.05,NA,NA,NA,NA,NA,NA,0.386,0.976,NA,NA,NA,NA,NA,NA,NA,NA,NA,NA,NA,NA,NA,NA,NA,"Jordan River",NA,NA,NA,c(NA, NA),883.35,NA,2109.31065733939,181.539031984128,108.0589476096,NA,NA
"UTAHDWQ_WQX-4994790",2010-03-09,"UTAHDWQ_WQX","Utah Department Of Environmental Quality","JORDAN R AT UTAH L OUTLET U121 XING","River/Stream",40.360951743,-111.898513582,3,2010,"Accepted",17.76,NA,NA,NA,7,NA,NA,NA,NA,NA,NA,NA,NA,NA,NA,0.048,0.044,NA,NA,NA,NA,NA,NA,NA,0.586,NA,NA,NA,NA,16.1,NA,NA,NA,NA,NA,NA,NA,NA,NA,NA,"Jordan River",NA,NA,NA,c(NA, NA),845.133,NA,1211.65950044953,99.2485597637837,90.977846450135,NA,NA
"UTAHDWQ_WQX-4994790",2010-03-17,"UTAHDWQ_WQX","Utah Department Of Environmental Quality","JORDAN R AT UTAH L OUTLET U121 XING","River/Stream",40.360951743,-111.898513582,3,2010,"Accepted",18.15,NA,NA,NA,2,NA,NA,NA,NA,NA,NA,NA,NA,NA,NA,0.061,0.046,NA,NA,NA,NA,NA,NA,NA,0.475,NA,NA,NA,NA,NA,NA,NA,NA,NA,NA,NA,NA,NA,NA,NA,"Jordan River",NA,NA,NA,c(NA, NA),846.613,NA,983.867145774336,126.349254509967,95.279765696041,NA,NA
"UTAHDWQ_WQX-4994790",2010-04-07,"UTAHDWQ_WQX","Utah Department Of Environmental Quality","JORDAN R AT UTAH L OUTLET U121 XING","River/Stream",40.360951743,-111.898513582,4,2010,"Accepted",10.97,NA,NA,NA,NA,NA,0.18,NA,NA,NA,NA,NA,0.34,NA,NA,0.083,0.052,NA,NA,NA,NA,NA,NA,NA,1.06,NA,NA,NA,NA,8.4,NA,NA,NA,NA,NA,NA,NA,NA,NA,NA,"Jordan River",NA,NA,NA,c(NA, NA),96.349,NA,249.868202543309,19.5651517085798,12.257685407785,NA,NA
"UTAHDWQ_WQX-4994790",2010-04-14,"UTAHDWQ_WQX","Utah Department Of Environmental Quality","JORDAN R AT UTAH L OUTLET U121 XING","River/Stream",40.360951743,-111.898513582,4,2010,"Accepted",10.64,NA,NA,NA,NA,NA,0.163,NA,NA,NA,NA,NA,0.291,NA,NA,0.06,0.049,NA,NA,NA,NA,NA,NA,0.235,1.17,6.7,NA,NA,NA,NA,NA,"cfs",800,NA,NA,NA,NA,NA,NA,NA,"Jordan River",NA,NA,NA,c(NA, NA),410.628,NA,1175.41800103404,60.2778462068736,49.2269077356134,6731.02615976755,NA
"UTAHDWQ_WQX-4994790",2010-05-04,"UTAHDWQ_WQX","Utah Department Of Environmental Quality","JORDAN R AT UTAH L OUTLET U121 XING","River/Stream",40.360951743,-111.898513582,5,2010,"Accepted",7.32,NA,NA,NA,NA,NA,NA,NA,NA,NA,NA,NA,0.192,NA,NA,0.133,0.058,NA,NA,NA,NA,NA,NA,NA,0.681,NA,NA,NA,NA,10,NA,NA,NA,NA,NA,NA,NA,NA,NA,NA,"Jordan River",NA,NA,NA,c(NA, NA),627.725,NA,1045.86216713395,204.257956283136,89.074898228736,NA,NA
"UTAHDWQ_WQX-4994790",2010-05-12,"UTAHDWQ_WQX","Utah Department Of Environmental Quality","JORDAN R AT UTAH L OUTLET U121 XING","River/Stream",40.360951743,-111.898513582,5,2010,"Accepted",10.52,NA,NA,NA,NA,NA,0.061,NA,NA,NA,NA,NA,0.333,NA,NA,0.098,0.062,NA,NA,NA,NA,NA,NA,0.288,0.896,NA,NA,NA,NA,NA,NA,"cfs",800,NA,NA,NA,NA,NA,NA,NA,"Jordan River",NA,NA,NA,c(NA, NA),469.268,NA,1028.69556074643,112.513576956641,71.1820588909363,NA,NA
"UTAHDWQ_WQX-4994790",2010-05-18,"UTAHDWQ_WQX","Utah Department Of Environmental Quality","JORDAN R AT UTAH L OUTLET U121 XING","River/Stream",40.360951743,-111.898513582,5,2010,"Accepted",6.73,NA,NA,NA,NA,NA,0.062,NA,NA,NA,NA,NA,0.203,NA,NA,0.074,0.058,NA,NA,NA,NA,NA,NA,NA,0.802,NA,NA,NA,NA,9,NA,NA,NA,NA,NA,NA,NA,NA,NA,NA,"Jordan River",NA,NA,NA,c(NA, NA),399.856,NA,784.577593964298,72.3924463258829,56.740025498665,NA,NA
"UTAHDWQ_WQX-4994790",2010-05-25,"UTAHDWQ_WQX","Utah Department Of Environmental Quality","JORDAN R AT UTAH L OUTLET U121 XING","River/Stream",40.360951743,-111.898513582,5,2010,"Accepted",9.16,NA,NA,NA,NA,NA,0.054,NA,NA,NA,NA,NA,0.272,NA,NA,0.067,0.0496,NA,NA,NA,NA,NA,NA,0.233,0.648,NA,NA,NA,NA,NA,NA,"cfs",500,NA,NA,NA,NA,NA,NA,NA,"Jordan River",NA,NA,NA,c(NA, NA),398.869,NA,632.35827507585,65.382722885929,48.4027321662997,NA,NA
"UTAHDWQ_WQX-4994790",2010-06-08,"UTAHDWQ_WQX","Utah Department Of Environmental Quality","JORDAN R AT UTAH L OUTLET U121 XING","River/Stream",40.360951743,-111.898513582,6,2010,"Accepted",6.895,NA,NA,NA,5,NA,NA,NA,NA,NA,NA,NA,0.121,NA,NA,0.056,0.0505,NA,NA,NA,NA,NA,NA,0.102,0.6675,NA,NA,NA,NA,8.3,NA,"cfs",500,NA,NA,NA,NA,NA,NA,NA,"Jordan River",NA,NA,NA,c(NA, NA),582,NA,950.4563369472,79.73865897984,71.90718354432,NA,NA
"UTAHDWQ_WQX-4994790",2010-06-24,"UTAHDWQ_WQX","Utah Department Of Environmental Quality","JORDAN R AT UTAH L OUTLET U121 XING","River/Stream",40.360951743,-111.898513582,6,2010,"Accepted",5.15,NA,NA,NA,3,NA,NA,NA,NA,NA,NA,NA,1.77,NA,NA,0.057,0.047,NA,NA,NA,NA,NA,NA,NA,2.21,NA,NA,NA,NA,12,NA,NA,NA,NA,NA,NA,NA,NA,NA,NA,"Jordan River",NA,NA,NA,c(NA, NA),489.592,NA,2647.18627439985,68.2758450863309,56.2976266501325,NA,NA
"UTAHDWQ_WQX-4994790",2010-06-30,"UTAHDWQ_WQX","Utah Department Of Environmental Quality","JORDAN R AT UTAH L OUTLET U121 XING","River/Stream",40.360951743,-111.898513582,6,2010,"Accepted",7.36,NA,NA,NA,NA,NA,0.086,NA,NA,NA,NA,NA,NA,NA,NA,0.056,0.05,NA,NA,NA,NA,NA,NA,NA,0.762,6.7,NA,NA,3,NA,NA,"cfs",400,NA,NA,NA,NA,NA,NA,NA,"Jordan River",NA,NA,NA,c(NA, NA),507.611,NA,946.332841269105,69.5467704869683,62.095330791936,8320.77432611942,NA
"UTAHDWQ_WQX-4994790",2010-07-08,"UTAHDWQ_WQX","Utah Department Of Environmental Quality","JORDAN R AT UTAH L OUTLET U121 XING","River/Stream",40.360951743,-111.898513582,7,2010,"Accepted",6.01,NA,NA,NA,NA,NA,NA,NA,NA,NA,NA,NA,0.813,NA,NA,0.067,0.053,NA,NA,NA,NA,NA,NA,NA,1.49,NA,NA,NA,NA,12.5,NA,NA,NA,NA,NA,NA,NA,NA,NA,NA,"Jordan River",NA,NA,NA,c(NA, NA),620.013,NA,2260.19016026634,101.632711904594,80.3960258349773,NA,NA
"UTAHDWQ_WQX-4994790",2010-07-20,"UTAHDWQ_WQX","Utah Department Of Environmental Quality","JORDAN R AT UTAH L OUTLET U121 XING","River/Stream",40.360951743,-111.898513582,7,2010,"Accepted",4.32,NA,NA,NA,NA,NA,0.052,NA,NA,NA,NA,NA,NA,NA,NA,0.0636,0.045,NA,NA,NA,NA,NA,NA,NA,0.621,NA,NA,NA,NA,NA,NA,"cfs",600,NA,NA,NA,NA,NA,NA,NA,"Jordan River",NA,NA,NA,c(NA, NA),594.907,NA,903.854646937406,92.5686884786135,65.4967135461888,NA,NA
"UTAHDWQ_WQX-4994790",2010-08-10,"UTAHDWQ_WQX","Utah Department Of Environmental Quality","JORDAN R AT UTAH L OUTLET U121 XING","River/Stream",40.360951743,-111.898513582,8,2010,"Accepted",6.24,NA,NA,NA,NA,NA,NA,NA,NA,NA,NA,NA,NA,NA,NA,0.124,0.055,NA,NA,NA,NA,NA,NA,NA,0.514,NA,NA,NA,NA,41.7,NA,NA,NA,NA,NA,NA,NA,NA,NA,NA,"Jordan River",NA,NA,NA,c(NA, NA),595.593,NA,748.980687854039,180.687948042609,80.1438479221248,NA,NA
"UTAHDWQ_WQX-4994790",2010-08-17,"UTAHDWQ_WQX","Utah Department Of Environmental Quality","JORDAN R AT UTAH L OUTLET U121 XING","River/Stream",40.360951743,-111.898513582,8,2010,"Accepted",7.7,NA,NA,NA,NA,NA,NA,NA,NA,NA,NA,NA,NA,NA,NA,0.068,0.0546,NA,NA,NA,NA,NA,NA,NA,1.38,NA,NA,NA,NA,NA,NA,"cfs",500,NA,NA,NA,NA,NA,NA,NA,"Jordan River",NA,NA,NA,c(NA, NA),599.598,NA,2024.40395854356,99.7532385369293,80.0959827075932,NA,NA
"UTAHDWQ_WQX-4994790",2010-09-08,"UTAHDWQ_WQX","Utah Department Of Environmental Quality","JORDAN R AT UTAH L OUTLET U121 XING","River/Stream",40.360951743,-111.898513582,9,2010,"Accepted",7.67,NA,NA,NA,NA,NA,NA,NA,NA,NA,NA,NA,NA,NA,NA,0.227,0.057,NA,NA,NA,NA,NA,NA,NA,0.551,NA,NA,NA,NA,23.3,NA,NA,NA,NA,NA,NA,NA,NA,NA,NA,"Jordan River",NA,NA,NA,c(NA, NA),529.162,NA,713.342605945098,293.881618057236,73.7940626839757,NA,NA
"UTAHDWQ_WQX-4994790",2010-09-14,"UTAHDWQ_WQX","Utah Department Of Environmental Quality","JORDAN R AT UTAH L OUTLET U121 XING","River/Stream",40.360951743,-111.898513582,9,2010,"Accepted",8.4,NA,NA,NA,NA,NA,0.286,NA,NA,NA,NA,NA,0.356,NA,NA,0.083,0.0463,NA,NA,NA,NA,NA,NA,0.319,1.2,NA,NA,NA,NA,NA,NA,"cfs",500,NA,NA,NA,NA,NA,NA,NA,"Jordan River",NA,NA,NA,c(NA, NA),532.061,NA,1562.07034740326,108.043199028726,60.2698809039759,NA,NA
"UTAHDWQ_WQX-4994790",2010-10-19,"UTAHDWQ_WQX","Utah Department Of Environmental Quality","JORDAN R AT UTAH L OUTLET U121 XING","River/Stream",40.360951743,-111.898513582,10,2010,"Accepted",7.42,NA,NA,NA,NA,NA,0.889,NA,NA,NA,NA,NA,0.942,NA,NA,0.046,NA,NA,NA,NA,NA,NA,NA,0.91,2.92,NA,NA,NA,NA,NA,NA,"cfs",10,NA,NA,NA,NA,NA,NA,NA,"Jordan River",NA,NA,NA,c(NA, NA),164.57,NA,1175.68624313549,18.5210846521344,NA,NA,NA
"UTAHDWQ_WQX-4994790",2010-11-16,"UTAHDWQ_WQX","Utah Department Of Environmental Quality","JORDAN R AT UTAH L OUTLET U121 XING","River/Stream",40.360951743,-111.898513582,11,2010,"Accepted",11.97,NA,NA,NA,NA,NA,0.303,NA,NA,NA,NA,NA,0.789,NA,NA,0.051,NA,NA,NA,NA,NA,NA,NA,0.697,1.86,7.7,NA,NA,5,NA,NA,"cfs",0,NA,NA,NA,NA,NA,NA,NA,"Jordan River",NA,NA,NA,c(NA, NA),0,0,0,0,0,0,0
"UTAHDWQ_WQX-4994790",2010-11-20,"UTAHDWQ_WQX","Utah Department Of Environmental Quality","JORDAN R AT UTAH L OUTLET U121 XING","River/Stream",40.360951743,-111.898513582,11,2010,"Accepted",8.82,NA,NA,NA,NA,NA,NA,NA,NA,NA,NA,NA,NA,NA,NA,NA,NA,NA,NA,NA,NA,NA,NA,NA,NA,NA,NA,NA,NA,NA,NA,"cfs",0,NA,NA,NA,NA,NA,NA,NA,"Jordan River",NA,NA,NA,c(NA, NA),0,0,0,0,0,0,0
"UTAHDWQ_WQX-4994790",2010-12-28,"UTAHDWQ_WQX","Utah Department Of Environmental Quality","JORDAN R AT UTAH L OUTLET U121 XING","River/Stream",40.360951743,-111.898513582,12,2010,"Accepted",NA,NA,NA,NA,NA,NA,0.214,NA,NA,NA,NA,NA,0.755,NA,NA,0.052,0.047,NA,NA,NA,NA,NA,NA,0.745,1.35,NA,NA,NA,NA,NA,NA,NA,NA,NA,NA,NA,NA,NA,NA,NA,"Jordan River",NA,NA,NA,c(NA, NA),33.643,NA,111.118507623936,4.28012029366272,3.86857026542592,NA,NA
"UTAHDWQ_WQX-4994790",2011-01-18,"UTAHDWQ_WQX","Utah Department Of Environmental Quality","JORDAN R AT UTAH L OUTLET U121 XING","River/Stream",40.360951743,-111.898513582,1,2011,"Accepted",28.86,NA,NA,NA,NA,NA,NA,NA,NA,NA,NA,NA,0.355,NA,NA,0.043,NA,NA,NA,NA,NA,NA,NA,0.345,0.707,NA,NA,NA,NA,NA,NA,"cfs",30,NA,NA,NA,NA,NA,NA,NA,"Jordan River",NA,NA,NA,c(NA, NA),22,NA,38.05397342208,2.31445665792,NA,NA,NA
"UTAHDWQ_WQX-4994790",2011-02-21,"UTAHDWQ_WQX","Utah Department Of Environmental Quality","JORDAN R AT UTAH L OUTLET U121 XING","River/Stream",40.360951743,-111.898513582,2,2011,"Accepted",NA,NA,NA,NA,NA,NA,0.091,NA,NA,NA,NA,NA,0.293,NA,NA,0.123,0.051,NA,NA,NA,NA,NA,NA,0.218,1.12,NA,NA,NA,NA,NA,NA,NA,NA,NA,NA,NA,NA,NA,NA,NA,"Jordan River",NA,NA,NA,c(NA, NA),26.514,NA,72.6526049550336,7.97881286559744,3.30828826134528,NA,NA
"UTAHDWQ_WQX-4994790",2011-02-22,"UTAHDWQ_WQX","Utah Department Of Environmental Quality","JORDAN R AT UTAH L OUTLET U121 XING","River/Stream",40.360951743,-111.898513582,2,2011,"Accepted",12.95,NA,NA,NA,NA,NA,NA,NA,NA,NA,NA,NA,NA,NA,NA,NA,NA,NA,NA,NA,NA,NA,NA,NA,NA,NA,NA,NA,NA,NA,NA,"cfs",20,NA,NA,NA,NA,NA,NA,NA,"Jordan River",NA,NA,NA,c(NA, NA),372.287,NA,NA,NA,NA,NA,NA
"UTAHDWQ_WQX-4994790",2011-03-09,"UTAHDWQ_WQX","Utah Department Of Environmental Quality","JORDAN R AT UTAH L OUTLET U121 XING","River/Stream",40.360951743,-111.898513582,3,2011,"Accepted",8.49,NA,NA,NA,2,NA,NA,NA,NA,NA,NA,NA,0.107,NA,0.502,0.023,NA,NA,NA,NA,NA,NA,NA,NA,0.573,NA,NA,NA,NA,12.6,NA,NA,NA,NA,NA,NA,NA,NA,NA,NA,"Jordan River",NA,NA,NA,c(NA, NA),1206.613,NA,1691.53324583759,67.8974950336205,NA,NA,NA
"UTAHDWQ_WQX-4994790",2011-03-22,"UTAHDWQ_WQX","Utah Department Of Environmental Quality","JORDAN R AT UTAH L OUTLET U121 XING","River/Stream",40.360951743,-111.898513582,3,2011,"Accepted",11.14,NA,NA,NA,9,NA,0.146,NA,NA,NA,NA,NA,0.45,NA,NA,0.163,0.044,NA,NA,NA,NA,NA,NA,0.284,1.29,5.8,NA,NA,NA,NA,NA,"cfs",1200,NA,NA,NA,NA,NA,NA,NA,"Jordan River",NA,NA,NA,c(NA, NA),1222.639,NA,3858.74314606725,487.577622332529,131.616045292216,17349.3877885194,NA
"UTAHDWQ_WQX-4994790",2011-04-12,"UTAHDWQ_WQX","Utah Department Of Environmental Quality","JORDAN R AT UTAH L OUTLET U121 XING","River/Stream",40.360951743,-111.898513582,4,2011,"Accepted",89.7,NA,NA,NA,6,NA,0.072,NA,NA,NA,NA,NA,2.44,NA,0.68,0.071,0.029,NA,NA,NA,NA,NA,NA,NA,2.91,NA,NA,NA,NA,10.5,NA,NA,NA,NA,NA,NA,NA,NA,NA,NA,"Jordan River",NA,NA,NA,c(NA, NA),1060,NA,7546.694510592,184.1289725952,75.2076085248,NA,NA
"UTAHDWQ_WQX-4994790",2011-04-19,"UTAHDWQ_WQX","Utah Department Of Environmental Quality","JORDAN R AT UTAH L OUTLET U121 XING","River/Stream",40.360951743,-111.898513582,4,2011,"Accepted",10.35,NA,NA,NA,4,NA,NA,NA,NA,NA,NA,NA,0.182,NA,NA,0.051,0.047,NA,NA,NA,NA,NA,NA,0.161,0.658,NA,NA,NA,NA,NA,NA,"cfs",1200,NA,NA,NA,NA,NA,NA,NA,"Jordan River",NA,NA,NA,c(NA, NA),1039,NA,1672.62797850624,129.64137827328,119.47342703616,NA,NA
"UTAHDWQ_WQX-4994790",2011-05-10,"UTAHDWQ_WQX","Utah Department Of Environmental Quality","JORDAN R AT UTAH L OUTLET U121 XING","River/Stream",40.360951743,-111.898513582,5,2011,"Accepted",9.46,NA,NA,NA,7,NA,NA,NA,NA,NA,NA,NA,0.564,NA,NA,0.044,0.052,NA,NA,NA,NA,NA,NA,0.247,1.4,NA,NA,NA,NA,NA,NA,NA,NA,NA,NA,NA,NA,NA,NA,NA,"Jordan River",NA,NA,NA,c(NA, NA),1310.477,NA,4488.64598814106,141.071731055862,166.721136702382,NA,NA
"UTAHDWQ_WQX-4994790",2011-05-25,"UTAHDWQ_WQX","Utah Department Of Environmental Quality","JORDAN R AT UTAH L OUTLET U121 XING","River/Stream",40.360951743,-111.898513582,5,2011,"Accepted",86.5,NA,NA,NA,2,NA,NA,NA,NA,NA,NA,NA,0.269,NA,0.21,0.055,0.047,NA,NA,NA,NA,NA,NA,NA,0.549,NA,NA,NA,NA,5.7,NA,NA,NA,NA,NA,NA,NA,NA,NA,NA,"Jordan River",NA,NA,NA,c(NA, NA),1117.08,NA,1500.42584634532,150.315886245888,128.451757337395,NA,NA
"UTAHDWQ_WQX-4994790",2011-05-30,"UTAHDWQ_WQX","Utah Department Of Environmental Quality","JORDAN R AT UTAH L OUTLET U121 XING","River/Stream",40.360951743,-111.898513582,5,2011,"Accepted",9.12,NA,NA,NA,7,NA,0.051,NA,NA,NA,NA,NA,0.402,NA,NA,0.069,0.045,NA,NA,NA,NA,NA,NA,0.308,0.907,4.3,NA,NA,NA,NA,NA,"cfs",2000,NA,NA,NA,NA,NA,NA,NA,"Jordan River",NA,NA,NA,c(NA, NA),1280.474,NA,2841.42349699394,216.161214214533,140.974704922522,13470.9162481521,NA
"UTAHDWQ_WQX-4994790",2011-06-22,"UTAHDWQ_WQX","Utah Department Of Environmental Quality","JORDAN R AT UTAH L OUTLET U121 XING","River/Stream",40.360951743,-111.898513582,6,2011,"Accepted",6.2,NA,NA,NA,NA,NA,0.057,NA,NA,NA,NA,NA,0.112,NA,NA,0.042,0.048,NA,NA,NA,NA,NA,NA,NA,0.53,NA,NA,NA,NA,4.4,NA,NA,NA,NA,NA,NA,NA,NA,NA,NA,"Jordan River",NA,NA,NA,c(NA, NA),1416.184,NA,1836.34158398423,145.521408542147,166.310181191025,NA,NA
"UTAHDWQ_WQX-4994790",2011-07-28,"UTAHDWQ_WQX","Utah Department Of Environmental Quality","JORDAN R AT UTAH L OUTLET U121 XING","River/Stream",40.360951743,-111.898513582,7,2011,"Accepted",6.77,NA,NA,NA,NA,NA,0.053,NA,NA,NA,NA,NA,0.047,NA,NA,0.044,0.068,NA,NA,NA,NA,NA,NA,NA,0.399,NA,NA,NA,NA,13.7,NA,NA,NA,NA,NA,NA,NA,NA,NA,NA,"Jordan River",NA,NA,NA,c(NA, NA),1429.582,NA,1395.53226807515,153.893282695004,237.835073255916,NA,NA
"UTAHDWQ_WQX-4994790",2011-09-01,"UTAHDWQ_WQX","Utah Department Of Environmental Quality","JORDAN R AT UTAH L OUTLET U121 XING","River/Stream",40.360951743,-111.898513582,9,2011,"Accepted",4.92,NA,NA,NA,NA,NA,0.064,NA,NA,NA,NA,NA,0.034,NA,NA,0.055,0.059,NA,NA,NA,NA,NA,NA,NA,0.565,NA,NA,NA,NA,42.9,NA,NA,NA,NA,NA,NA,NA,NA,NA,NA,"Jordan River",NA,NA,NA,c(NA, NA),1383.183,NA,1911.99171613271,186.123087411149,199.659311950141,NA,NA
"UTAHDWQ_WQX-4994790",2011-09-28,"UTAHDWQ_WQX","Utah Department Of Environmental Quality","JORDAN R AT UTAH L OUTLET U121 XING","River/Stream",40.360951743,-111.898513582,9,2011,"Accepted",6.57,NA,NA,NA,NA,NA,NA,NA,NA,NA,NA,NA,0.021,NA,NA,0.033,0.036,NA,NA,NA,NA,NA,NA,NA,0.454,NA,NA,NA,NA,4.8,NA,NA,NA,NA,NA,NA,NA,NA,NA,NA,"Jordan River",NA,NA,NA,c(NA, NA),1335.054,NA,1482.90251270418,107.788068104049,117.586983386235,NA,NA
"UTAHDWQ_WQX-4994790",2011-10-26,"UTAHDWQ_WQX","Utah Department Of Environmental Quality","JORDAN R AT UTAH L OUTLET U121 XING","River/Stream",40.360951743,-111.898513582,10,2011,"Accepted",8.18,NA,NA,NA,NA,NA,0.051,NA,NA,NA,NA,NA,0.16,NA,NA,0.0397,0.0321,NA,NA,NA,NA,NA,NA,NA,0.573,NA,NA,NA,NA,NA,NA,NA,NA,NA,NA,NA,NA,NA,NA,NA,"Jordan River",NA,NA,NA,c(NA, NA),735,NA,1030.3858285056,71.38973366784,57.72318515712,NA,NA
"UTAHDWQ_WQX-4994790",2011-11-16,"UTAHDWQ_WQX","Utah Department Of Environmental Quality","JORDAN R AT UTAH L OUTLET U121 XING","River/Stream",40.360951743,-111.898513582,11,2011,"Accepted",9.21,NA,NA,NA,3,NA,0.099,NA,NA,NA,NA,NA,0.299,NA,NA,0.029,0.038,NA,NA,NA,NA,NA,NA,NA,0.582,NA,NA,NA,NA,NA,NA,NA,NA,NA,NA,NA,NA,NA,NA,NA,"Jordan River",NA,NA,NA,c(NA, NA),780,NA,1110.6456072192,55.3414477824,72.5163798528,NA,NA
"UTAHDWQ_WQX-4994790",2012-01-19,"UTAHDWQ_WQX","Utah Department Of Environmental Quality","JORDAN R AT UTAH L OUTLET U121 XING","River/Stream",40.360951743,-111.898513582,1,2012,"Accepted",103.3,NA,NA,NA,NA,NA,NA,NA,NA,NA,NA,NA,0.194,NA,NA,0.038,0.031,NA,NA,NA,NA,NA,NA,NA,0.533,NA,NA,NA,3,14.9,NA,"cfs",595.4,NA,NA,NA,NA,NA,NA,NA,"Jordan River",NA,NA,NA,c(NA, NA),592.329,NA,772.410414576752,55.068659951063,44.9244331179725,NA,NA
"UTAHDWQ_WQX-4994790",2012-02-15,"UTAHDWQ_WQX","Utah Department Of Environmental Quality","JORDAN R AT UTAH L OUTLET U121 XING","River/Stream",40.360951743,-111.898513582,2,2012,"Accepted",13.52,NA,NA,NA,NA,NA,0.033,NA,NA,NA,NA,NA,0.169,NA,NA,0.026,0.017,NA,NA,NA,NA,NA,NA,NA,0.452,NA,NA,NA,3,16.7,NA,"cfs",1162,NA,NA,NA,NA,NA,NA,NA,"Jordan River",NA,NA,NA,c(NA, NA),857.618,NA,948.397145775391,54.5538181198234,35.6698041552691,NA,NA
"UTAHDWQ_WQX-4994790",2012-03-20,"UTAHDWQ_WQX","Utah Department Of Environmental Quality","JORDAN R AT UTAH L OUTLET U121 XING","River/Stream",40.360951743,-111.898513582,3,2012,"Accepted",9.82,NA,NA,NA,NA,NA,NA,NA,NA,NA,NA,NA,0.26,NA,NA,0.083,0.035,NA,NA,NA,NA,NA,NA,NA,0.633,NA,NA,NA,NA,14.1,NA,"cfs",713,NA,NA,NA,NA,NA,NA,NA,"Jordan River",NA,NA,NA,c(NA, NA),847.676,NA,1312.7786745455,172.133696662364,72.5864985925632,NA,NA
"UTAHDWQ_WQX-4994790",2012-04-10,"UTAHDWQ_WQX","Utah Department Of Environmental Quality","JORDAN R AT UTAH L OUTLET U121 XING","River/Stream",40.360951743,-111.898513582,4,2012,"Accepted",9.58,NA,NA,NA,6,NA,NA,NA,NA,NA,NA,NA,0.149,NA,NA,0.045,0.023,NA,NA,NA,NA,NA,NA,NA,0.468,NA,NA,NA,NA,8,NA,NA,NA,NA,NA,NA,NA,NA,NA,NA,"Jordan River",NA,NA,NA,c(NA, NA),345.339,NA,395.411591083991,38.0203452965376,19.4326209293414,NA,NA
"UTAHDWQ_WQX-4994790",2012-05-14,"UTAHDWQ_WQX","Utah Department Of Environmental Quality","JORDAN R AT UTAH L OUTLET U121 XING","River/Stream",40.360951743,-111.898513582,5,2012,"Accepted",8.69,NA,NA,NA,6,NA,NA,NA,NA,NA,NA,NA,0.373,NA,NA,0.064,0.047,NA,NA,NA,NA,NA,NA,NA,0.717,NA,NA,NA,NA,7.7,NA,"cfs",442.5,NA,NA,NA,NA,NA,NA,NA,"Jordan River",NA,NA,NA,c(NA, NA),491.06,NA,861.41341540823,76.8904582791168,56.4664302987264,NA,NA
"UTAHDWQ_WQX-4994790",2012-06-14,"UTAHDWQ_WQX","Utah Department Of Environmental Quality","JORDAN R AT UTAH L OUTLET U121 XING","River/Stream",40.360951743,-111.898513582,6,2012,"Accepted",6.2,NA,NA,NA,1,NA,NA,NA,NA,NA,NA,NA,0.0738,NA,NA,0.044,0.036,NA,NA,NA,NA,NA,NA,NA,0.3,NA,NA,NA,NA,5,NA,NA,NA,NA,NA,NA,NA,NA,NA,NA,"Jordan River",NA,NA,NA,c(NA, NA),542.379,NA,398.090704333824,58.3866366356275,47.7708845200589,NA,NA
"UTAHDWQ_WQX-4994790",2012-07-16,"UTAHDWQ_WQX","Utah Department Of Environmental Quality","JORDAN R AT UTAH L OUTLET U121 XING","River/Stream",40.360951743,-111.898513582,7,2012,"Accepted",7.5,NA,NA,NA,NA,NA,NA,NA,NA,NA,NA,NA,0.0367,NA,NA,0.105,0.049,NA,NA,NA,NA,NA,NA,NA,0.494,NA,NA,NA,3,30.8,NA,NA,NA,NA,NA,NA,NA,NA,NA,NA,"Jordan River",NA,NA,NA,c(NA, NA),464.799,NA,561.759013986693,119.40221957207,55.7210358002995,NA,NA
"UTAHDWQ_WQX-4994790",2012-08-21,"UTAHDWQ_WQX","Utah Department Of Environmental Quality","JORDAN R AT UTAH L OUTLET U121 XING","River/Stream",40.360951743,-111.898513582,8,2012,"Accepted",NA,NA,NA,NA,4,NA,NA,NA,NA,NA,NA,NA,0.083,NA,NA,0.12,0.123,NA,NA,NA,NA,NA,NA,NA,0.572,NA,NA,NA,3,35.3,NA,NA,NA,NA,NA,NA,NA,NA,NA,NA,"Jordan River",NA,NA,NA,c(NA, NA),492.613,NA,689.381799495967,144.625552341811,148.241191150356,NA,NA
"UTAHDWQ_WQX-4994790",2012-08-22,"UTAHDWQ_WQX","Utah Department Of Environmental Quality","JORDAN R AT UTAH L OUTLET U121 XING","River/Stream",40.360951743,-111.898513582,8,2012,"Accepted",5.43,NA,NA,NA,NA,NA,NA,NA,NA,NA,NA,NA,NA,NA,NA,NA,NA,NA,NA,NA,NA,NA,NA,NA,NA,NA,NA,NA,NA,NA,NA,NA,NA,NA,NA,NA,NA,NA,NA,NA,"Jordan River",NA,NA,NA,c(NA, NA),480.467,NA,NA,NA,NA,NA,NA
"UTAHDWQ_WQX-4994790",2012-09-12,"UTAHDWQ_WQX","Utah Department Of Environmental Quality","JORDAN R AT UTAH L OUTLET U121 XING","River/Stream",40.360951743,-111.898513582,9,2012,"Accepted",6.71,NA,NA,NA,6,NA,0.03,NA,NA,NA,NA,NA,0.272,NA,NA,0.101,0.06,NA,NA,NA,NA,NA,NA,NA,0.726,NA,NA,NA,NA,43.2,NA,NA,NA,NA,NA,NA,NA,NA,NA,NA,"Jordan River",NA,NA,NA,c(NA, NA),455.841,NA,809.66976358828,112.64000843308,66.9148564948992,NA,NA
"UTAHDWQ_WQX-4994790",2014-07-21,"UTAHDWQ_WQX","Utah Department Of Environmental Quality","JORDAN R AT UTAH L OUTLET U121 XING","River/Stream",40.360951743,-111.898513582,7,2014,"Accepted",6.34,NA,NA,NA,NA,NA,NA,NA,NA,NA,NA,NA,NA,NA,NA,NA,NA,NA,NA,NA,NA,NA,NA,NA,NA,NA,NA,NA,NA,NA,NA,NA,NA,NA,NA,NA,NA,NA,NA,NA,"Jordan River",NA,NA,NA,c(NA, NA),576.046,NA,NA,NA,NA,NA,NA
"UTAHDWQ_WQX-4994790",2014-07-30,"UTAHDWQ_WQX","Utah Department Of Environmental Quality","JORDAN R AT UTAH L OUTLET U121 XING","River/Stream",40.360951743,-111.898513582,7,2014,"Accepted",7,NA,NA,NA,NA,NA,NA,NA,NA,NA,NA,NA,NA,NA,NA,NA,NA,NA,NA,NA,NA,NA,NA,NA,NA,NA,NA,NA,NA,NA,NA,NA,NA,NA,NA,NA,NA,NA,NA,NA,"Jordan River",NA,NA,NA,c(NA, NA),548.668,NA,NA,NA,NA,NA,NA
"UTAHDWQ_WQX-4994790",2017-10-25,"UTAHDWQ_WQX","Utah Department Of Environmental Quality","JORDAN R AT UTAH L OUTLET U121 XING","River/Stream",40.360951743,-111.898513582,10,2017,"Accepted",8,6.29,NA,NA,NA,NA,0.136,NA,NA,0.926,NA,NA,0.21,NA,NA,0.066,0.026,NA,NA,NA,NA,NA,NA,0.19,0.94,6.26,NA,NA,NA,NA,NA,NA,NA,NA,NA,NA,NA,NA,NA,NA,"Jordan River",NA,NA,NA,c(NA, NA),16.059,36.3820696287437,36.9321225172992,2.59310647461888,1.02152679303168,245.952220168397,247.130904929587
"UTAHDWQ_WQX-4994790",2018-05-10,"UTAHDWQ_WQX","Utah Department Of Environmental Quality","JORDAN R AT UTAH L OUTLET U121 XING","River/Stream",40.360951743,-111.898513582,5,2018,"Accepted",7.19,5.79,NA,NA,NA,NA,0.015,NA,NA,0.692,NA,NA,0.171,NA,NA,0.083,0.0129,NA,NA,NA,NA,NA,NA,0.0125,0.614,5.52,NA,NA,NA,NA,NA,"cfs",273.8,NA,NA,NA,NA,NA,NA,NA,"Jordan River",NA,NA,NA,c(NA, NA),337.72,571.769244544205,507.321266112922,68.5792590999552,10.6587041251738,4560.93385821389,4784.02301432218
"UTAHDWQ_WQX-4994790",2018-06-13,"UTAHDWQ_WQX","Utah Department Of Environmental Quality","JORDAN R AT UTAH L OUTLET U121 XING","River/Stream",40.360951743,-111.898513582,6,2018,"Accepted",7.46,6,NA,NA,NA,NA,0.015,NA,NA,0.386,NA,NA,0.0125,NA,NA,0.105,0.022,NA,NA,NA,NA,NA,NA,0.0125,0.429,5.59,NA,NA,2.4,NA,NA,"cfs",442.8,NA,NA,NA,NA,NA,NA,NA,"Jordan River",NA,NA,NA,c(NA, NA),441.31,416.762840311603,463.189788843725,113.368130136576,23.7533225048064,6035.50330917581,6478.1788649472
"UTAHDWQ_WQX-4994790",2018-07-11,"UTAHDWQ_WQX","Utah Department Of Environmental Quality","JORDAN R AT UTAH L OUTLET U121 XING","River/Stream",40.360951743,-111.898513582,7,2018,"Accepted",6.63,6.46,NA,NA,NA,NA,0.015,NA,NA,0.456,NA,NA,0.0125,NA,NA,0.147,0.0208,NA,NA,NA,NA,NA,NA,0.0125,0.449,6.26,NA,NA,3.4,NA,NA,"cfs",465.5,NA,NA,NA,NA,NA,NA,NA,"Jordan River",NA,NA,NA,c(NA, NA),494.02,551.146799613542,542.68621277737,177.672323559629,25.1400294560563,7566.1819420631,7807.91299452518
"UTAHDWQ_WQX-4994790",2018-08-15,"UTAHDWQ_WQX","Utah Department Of Environmental Quality","JORDAN R AT UTAH L OUTLET U121 XING","River/Stream",40.360951743,-111.898513582,8,2018,"Accepted",8.45,7.19,NA,NA,NA,NA,0.015,NA,NA,0.598,NA,NA,1.24,NA,NA,0.228,0.0187,NA,NA,NA,NA,NA,NA,0.0125,1.51,7.45,NA,NA,8.2,NA,NA,"cfs",472.4,NA,NA,NA,NA,NA,NA,NA,"Jordan River",NA,NA,NA,c(NA, NA),471.76,690.20835900457,1742.83381621555,263.156364302746,21.5834386511462,8598.74962305024,8298.65903217869
"UTAHDWQ_WQX-4994790",2018-09-19,"UTAHDWQ_WQX","Utah Department Of Environmental Quality","JORDAN R AT UTAH L OUTLET U121 XING","River/Stream",40.360951743,-111.898513582,9,2018,"Accepted",7.7,7.69,NA,NA,NA,NA,0.015,NA,NA,0.586,NA,NA,0.0125,NA,NA,0.159,0.0202,NA,NA,NA,NA,NA,NA,0.0125,0.715,7.45,NA,NA,6,NA,NA,"cfs",133,NA,NA,NA,NA,NA,NA,NA,"Jordan River",NA,NA,NA,c(NA, NA),367.01,526.178901143347,642.010092691968,142.768677955277,18.137907513815,6689.47579098624,6904.97568223949
"UTAHDWQ_WQX-4994790",2018-10-09,"UTAHDWQ_WQX","Utah Department Of Environmental Quality","JORDAN R AT UTAH L OUTLET U121 XING","River/Stream",40.360951743,-111.898513582,10,2018,"Accepted",9.18,10.5,0.015,NA,NA,NA,0.037,NA,NA,1.61,NA,NA,0.88,NA,NA,0.338,0.158,NA,NA,NA,NA,NA,NA,0.809,1.72,7.25,NA,NA,NA,NA,NA,NA,NA,NA,NA,NA,NA,NA,NA,NA,"Jordan River",NA,NA,NA,c(NA, NA),198.33,781.217932594176,834.593070845952,164.007242991821,76.6661076707328,3517.9068393216,5094.8995603968
"UTAHDWQ_WQX-4994790",2018-11-13,"UTAHDWQ_WQX","Utah Department Of Environmental Quality","JORDAN R AT UTAH L OUTLET U121 XING","River/Stream",40.360951743,-111.898513582,11,2018,"Accepted",9.98,8.4,0.015,NA,NA,NA,0.031,NA,NA,0.969,NA,NA,0.031,NA,NA,0.085,0.02,NA,NA,NA,NA,NA,NA,0.0125,0.58,8.72,NA,NA,NA,NA,NA,NA,NA,NA,NA,NA,NA,NA,NA,NA,"Jordan River",NA,NA,NA,c(NA, NA),16,37.93164484608,22.7041837056,3.3273372672,0.7829028864,341.3456584704,328.819212288
"UTAHDWQ_WQX-4994790",2019-04-17,"UTAHDWQ_WQX","Utah Department Of Environmental Quality","JORDAN R AT UTAH L OUTLET U121 XING","River/Stream",40.360951743,-111.898513582,4,2019,"Accepted",9.1,6.35,0.0085,NA,NA,NA,0.0085,NA,NA,0.682,NA,NA,0.069,NA,NA,0.11,0.0208,NA,NA,NA,NA,NA,NA,0.04,0.507,5.93,NA,NA,NA,NA,NA,NA,NA,NA,NA,NA,NA,NA,NA,NA,"Jordan River",NA,NA,NA,c(NA, NA),87.268,145.61204912382,108.248253527532,23.4858143748096,4.44095399087309,1266.09890220564,1355.77201163674
"UTAHDWQ_WQX-4994790",2019-05-15,"UTAHDWQ_WQX","Utah Department Of Environmental Quality","JORDAN R AT UTAH L OUTLET U121 XING","River/Stream",40.360951743,-111.898513582,5,2019,"Accepted",9.65,7.21,0.0085,NA,NA,NA,0.0085,NA,NA,0.753,NA,NA,0.067,NA,NA,0.143,0.022,NA,NA,NA,NA,NA,NA,0.057,0.669,5.84,NA,NA,NA,NA,NA,NA,NA,NA,NA,NA,NA,NA,NA,NA,"Jordan River",NA,NA,NA,c(NA, NA),179.782,331.206689319506,294.25932955478,62.8984815042355,9.67668946219008,2568.72120269046,3171.31504647229
"UTAHDWQ_WQX-4994790",2019-06-19,"UTAHDWQ_WQX","Utah Department Of Environmental Quality","JORDAN R AT UTAH L OUTLET U121 XING","River/Stream",40.360951743,-111.898513582,6,2019,"Accepted",8.76,5.24,0.029,NA,NA,NA,0.033,NA,NA,0.678,NA,NA,0.117,NA,NA,0.057,0.0202,NA,NA,NA,NA,NA,NA,0.108,0.664,5.16,NA,NA,NA,NA,NA,NA,NA,NA,NA,NA,NA,NA,NA,NA,"Jordan River",NA,NA,NA,c(NA, NA),289.519,480.247021251441,470.330416092856,40.3747495742362,14.3082445859574,3654.97732987822,3711.64364507013
"UTAHDWQ_WQX-4994790",2019-07-09,"UTAHDWQ_WQX","Utah Department Of Environmental Quality","JORDAN R AT UTAH L OUTLET U121 XING","River/Stream",40.360951743,-111.898513582,7,2019,"Accepted",7.03,8.62,0.038,NA,NA,NA,0.055,NA,NA,0.568,NA,NA,0.114,NA,NA,0.074,0.026,NA,NA,NA,NA,NA,NA,0.104,0.614,5.36,NA,NA,NA,NA,NA,NA,NA,NA,NA,NA,NA,NA,NA,NA,"Jordan River",NA,NA,NA,c(NA, NA),277.836,386.095526263849,417.363825926062,50.3011777174733,17.6733867655987,3643.43665629266,5859.40745844081
"UTAHDWQ_WQX-4994790",2019-08-13,"UTAHDWQ_WQX","Utah Department Of Environmental Quality","JORDAN R AT UTAH L OUTLET U121 XING","River/Stream",40.360951743,-111.898513582,8,2019,"Accepted",7.65,6.58,0.0085,NA,NA,NA,0.0085,NA,NA,0.555,NA,NA,0.0125,NA,NA,0.042,0.0157,NA,NA,NA,NA,NA,NA,0.108,0.643,5.84,NA,NA,NA,NA,NA,NA,NA,NA,NA,NA,NA,NA,NA,NA,"Jordan River",NA,NA,NA,c(NA, NA),406.922,552.537895714099,640.147508007506,41.8136785945805,15.6303512841646,5814.09245219881,6550.80964648428
"UTAHDWQ_WQX-4994790",2019-09-24,"UTAHDWQ_WQX","Utah Department Of Environmental Quality","JORDAN R AT UTAH L OUTLET U121 XING","River/Stream",40.360951743,-111.898513582,9,2019,"Accepted",10.7,7.92,0.0085,NA,NA,NA,0.0085,NA,NA,0.567,NA,NA,0.0125,NA,NA,0.064,0.0142,NA,NA,NA,NA,NA,NA,0.116,0.6,6.38,NA,NA,NA,NA,NA,"cfs",168.7,NA,NA,NA,NA,NA,NA,NA,"Jordan River",NA,NA,NA,c(NA, NA),330.178,458.024919784427,484.682454798336,51.6994618451558,11.470818096894,5153.79010268897,6397.80840333803
"UTAHDWQ_WQX-4994790",2019-10-09,"UTAHDWQ_WQX","Utah Department Of Environmental Quality","JORDAN R AT UTAH L OUTLET U121 XING","River/Stream",40.360951743,-111.898513582,10,2019,"Accepted",8.32,11.6,0.037,NA,NA,NA,0.034,NA,NA,0.685,NA,NA,0.092,NA,NA,0.114,0.0179,NA,NA,NA,NA,NA,NA,0.067,1.15,6.22,NA,NA,NA,NA,NA,NA,NA,NA,NA,NA,NA,NA,NA,NA,"Jordan River",NA,NA,NA,c(NA, NA),146.048,244.762060986778,410.914408955904,40.7341240182374,6.39597210461798,2222.51097713541,4144.87577729434
"UTAHDWQ_WQX-4994790",2020-03-09,"UTAHDWQ_WQX","Utah Department Of Environmental Quality","JORDAN R AT UTAH L OUTLET U121 XING","River/Stream",40.360951743,-111.898513582,3,2020,"Accepted",10.54,6.43,0.0085,NA,NA,NA,0.0085,NA,NA,0.967,NA,NA,0.19,NA,NA,0.048,0.0076,NA,NA,NA,NA,NA,NA,0.297,0.582,5.43,NA,NA,NA,NA,NA,NA,NA,NA,NA,NA,NA,NA,NA,NA,"Jordan River",NA,NA,NA,c(NA, NA),54.11584089323,128.02913203159,77.0557961141526,6.35511720529094,1.00622689083773,718.922633848537,851.320908958765
"UTAHDWQ_WQX-4994790",2020-04-13,"UTAHDWQ_WQX","Utah Department Of Environmental Quality","JORDAN R AT UTAH L OUTLET U121 XING","River/Stream",40.360951743,-111.898513582,4,2020,"Accepted",9.76,2.87,0.0085,NA,NA,NA,0.0085,NA,NA,0.192,NA,NA,0.0115,NA,NA,0.046,0.0056,NA,NA,NA,NA,NA,NA,0.0115,0.258,2.51,NA,NA,NA,NA,NA,"cfs",18.7,NA,NA,NA,NA,NA,NA,NA,"Jordan River",NA,NA,NA,c(NA, NA),15.29713687151,7.18570356621663,9.65578916710359,1.7215748127394,0.209583020681318,93.9381039125195,107.411298099176
"UTAHDWQ_WQX-4994790",2020-05-14,"UTAHDWQ_WQX","Utah Department Of Environmental Quality","JORDAN R AT UTAH L OUTLET U121 XING","River/Stream",40.360951743,-111.898513582,5,2020,"Accepted",8,7.87,0.04,NA,NA,NA,0.042,NA,NA,0.864,NA,NA,0.293,NA,NA,0.091,0.039,NA,NA,NA,NA,NA,NA,0.271,0.869,5.8,NA,NA,NA,NA,NA,"cfs",38.2,NA,NA,NA,NA,NA,NA,NA,"Jordan River",NA,NA,NA,c(NA, NA),331.1407702333,699.977875014998,704.028672902817,73.7245215582926,31.5962235249826,4698.9255498692,6375.95587542597
"UTAHDWQ_WQX-4994790",2020-06-16,"UTAHDWQ_WQX","Utah Department Of Environmental Quality","JORDAN R AT UTAH L OUTLET U121 XING","River/Stream",40.360951743,-111.898513582,6,2020,"Accepted",9.06,8.12,0.0085,NA,NA,NA,0.0085,NA,NA,0.531,NA,NA,0.026,NA,NA,0.103,0.0144,NA,NA,NA,NA,NA,NA,0.0115,0.663,6.51,NA,NA,NA,NA,NA,NA,NA,NA,NA,NA,NA,NA,NA,NA,"Jordan River",NA,NA,NA,c(NA, NA),453.07879619719,588.608019597814,734.928657237949,114.174436946469,15.9622513789238,7216.26781088846,9000.93619422647
"UTAHDWQ_WQX-4994790",2020-07-07,"UTAHDWQ_WQX","Utah Department Of Environmental Quality","JORDAN R AT UTAH L OUTLET U121 XING","River/Stream",40.360951743,-111.898513582,7,2020,"Accepted",8.1,8.26,0.0085,NA,NA,NA,0.0085,NA,NA,0.525,NA,NA,0.0115,NA,NA,0.07,0.0076,NA,NA,NA,NA,NA,NA,0.0115,0.547,6.55,NA,NA,NA,NA,NA,"cfs",168.5,NA,NA,NA,NA,NA,NA,NA,"Jordan River",NA,NA,NA,c(NA, NA),494.69440334969,635.410250127841,662.036965371293,84.7213666837121,9.19831981137446,7927.49931111877,9997.12126867803
"UTAHDWQ_WQX-4994790",2020-08-11,"UTAHDWQ_WQX","Utah Department Of Environmental Quality","JORDAN R AT UTAH L OUTLET U121 XING","River/Stream",40.360951743,-111.898513582,8,2020,"Accepted",11.04,7.03,0.0085,NA,NA,NA,0.0085,NA,NA,0.592,NA,NA,0.0115,NA,NA,0.222,0.018,NA,NA,NA,NA,NA,NA,0.0115,0.511,7.52,NA,NA,NA,NA,NA,"cfs",192,NA,NA,NA,NA,NA,NA,NA,"Jordan River",NA,NA,NA,c(NA, NA),483.13145454544,699.753269007372,604.010000781702,262.407475877765,21.2762818279269,8888.757741445,8309.57006946255
"UTAHDWQ_WQX-4994790",2020-09-21,"UTAHDWQ_WQX","Utah Department Of Environmental Quality","JORDAN R AT UTAH L OUTLET U121 XING","River/Stream",40.360951743,-111.898513582,9,2020,"Accepted",8.02,9.8,0.0085,NA,NA,NA,0.0085,NA,NA,0.587,NA,NA,0.0115,NA,NA,0.138,0.029,NA,NA,NA,NA,NA,NA,0.0115,0.754,7,NA,NA,NA,NA,NA,"cfs",188.7,NA,NA,NA,NA,NA,NA,NA,"Jordan River",NA,NA,NA,c(NA, NA),292.86820910796,420.599012456443,540.258356715772,98.8801766933377,20.7791675659913,5015.66113661858,7021.92559126601
"UTAHDWQ_WQX-4994790",2002-01-23,"UTAHDWQ_WQX","Utah Department Of Environmental Quality","JORDAN R AT UTAH L OUTLET U121 XING",NA,40.360951743,-111.898513582,1,2002,"Final",NA,NA,NA,NA,NA,NA,NA,NA,NA,NA,NA,NA,NA,NA,NA,NA,NA,NA,NA,NA,NA,NA,NA,NA,NA,NA,NA,NA,NA,NA,NA,"cfs",0,NA,NA,NA,NA,NA,NA,NA,"Jordan River",NA,NA,NA,c(NA, NA),0,0,0,0,0,0,0
"UTAHDWQ_WQX-4994790",2002-03-05,"UTAHDWQ_WQX","Utah Department Of Environmental Quality","JORDAN R AT UTAH L OUTLET U121 XING",NA,40.360951743,-111.898513582,3,2002,"Final",NA,NA,NA,NA,NA,NA,NA,NA,NA,NA,NA,NA,NA,NA,NA,NA,NA,NA,NA,NA,NA,NA,NA,NA,NA,NA,NA,NA,NA,NA,NA,"cfs",0,NA,NA,NA,NA,NA,NA,NA,"Jordan River",NA,NA,NA,c(NA, NA),0,0,0,0,0,0,0
"UTAHDWQ_WQX-4994790",2004-11-02,"UTAHDWQ_WQX","Utah Department Of Environmental Quality","JORDAN R AT UTAH L OUTLET U121 XING",NA,40.360951743,-111.898513582,11,2004,"Final",NA,NA,NA,NA,NA,NA,NA,NA,NA,NA,NA,NA,NA,NA,NA,NA,NA,NA,NA,NA,NA,NA,NA,NA,NA,NA,NA,NA,NA,NA,NA,"cfs",0,NA,NA,NA,NA,NA,NA,NA,"Jordan River",NA,NA,NA,c(NA, NA),0,0,0,0,0,0,0
"UTAHDWQ_WQX-4994790",2004-12-08,"UTAHDWQ_WQX","Utah Department Of Environmental Quality","JORDAN R AT UTAH L OUTLET U121 XING",NA,40.360951743,-111.898513582,12,2004,"Final",NA,NA,NA,NA,NA,NA,NA,NA,NA,NA,NA,NA,NA,NA,NA,NA,NA,NA,NA,NA,NA,NA,NA,NA,NA,NA,NA,NA,NA,NA,NA,"cfs",0,NA,NA,NA,NA,NA,NA,NA,"Jordan River",NA,NA,NA,c(NA, NA),0,0,0,0,0,0,0
"UTAHDWQ_WQX-4994790",2005-01-27,"UTAHDWQ_WQX","Utah Department Of Environmental Quality","JORDAN R AT UTAH L OUTLET U121 XING",NA,40.360951743,-111.898513582,1,2005,"Final",NA,NA,NA,NA,NA,NA,NA,NA,NA,NA,NA,NA,NA,NA,NA,NA,NA,NA,NA,NA,NA,NA,NA,NA,NA,NA,NA,NA,NA,NA,NA,"cfs",0,NA,NA,NA,NA,NA,NA,NA,"Jordan River",NA,NA,NA,c(NA, NA),0,0,0,0,0,0,0
"UTAHDWQ_WQX-4994790",2005-03-01,"UTAHDWQ_WQX","Utah Department Of Environmental Quality","JORDAN R AT UTAH L OUTLET U121 XING",NA,40.360951743,-111.898513582,3,2005,"Final",NA,NA,NA,NA,NA,NA,NA,NA,NA,NA,NA,NA,NA,NA,NA,NA,NA,NA,NA,NA,NA,NA,NA,NA,NA,NA,NA,NA,NA,NA,NA,"cfs",0,NA,NA,NA,NA,NA,NA,NA,"Jordan River",NA,NA,NA,c(NA, NA),0,0,0,0,0,0,0
"UTAHDWQ_WQX-4994790",2005-03-30,"UTAHDWQ_WQX","Utah Department Of Environmental Quality","JORDAN R AT UTAH L OUTLET U121 XING",NA,40.360951743,-111.898513582,3,2005,"Final",NA,NA,NA,NA,NA,NA,NA,NA,NA,NA,NA,NA,NA,NA,NA,NA,NA,NA,NA,NA,NA,NA,NA,NA,NA,NA,NA,NA,NA,NA,NA,"cfs",0,NA,NA,NA,NA,NA,NA,NA,"Jordan River",NA,NA,NA,c(NA, NA),0,0,0,0,0,0,0
"UTAHDWQ_WQX-4994790",2005-04-26,"UTAHDWQ_WQX","Utah Department Of Environmental Quality","JORDAN R AT UTAH L OUTLET U121 XING",NA,40.360951743,-111.898513582,4,2005,"Final",NA,NA,NA,NA,NA,NA,NA,NA,NA,NA,NA,NA,NA,NA,NA,NA,NA,NA,NA,NA,NA,NA,NA,NA,NA,NA,NA,NA,NA,NA,NA,"cfs",0,NA,NA,NA,NA,NA,NA,NA,"Jordan River",NA,NA,NA,c(NA, NA),0,0,0,0,0,0,0
"UTAHDWQ_WQX-4994790",2005-05-10,"UTAHDWQ_WQX","Utah Department Of Environmental Quality","JORDAN R AT UTAH L OUTLET U121 XING",NA,40.360951743,-111.898513582,5,2005,"Final",NA,NA,NA,NA,NA,NA,NA,NA,NA,NA,NA,NA,NA,NA,NA,NA,NA,NA,NA,NA,NA,NA,NA,NA,NA,NA,NA,NA,NA,NA,NA,"cfs",0,NA,NA,NA,NA,NA,NA,NA,"Jordan River",NA,NA,NA,c(NA, NA),0,0,0,0,0,0,0
"UTAHDWQ_WQX-4994790",2005-05-17,"UTAHDWQ_WQX","Utah Department Of Environmental Quality","JORDAN R AT UTAH L OUTLET U121 XING",NA,40.360951743,-111.898513582,5,2005,"Final",NA,NA,NA,NA,NA,NA,NA,NA,NA,NA,NA,NA,NA,NA,NA,NA,NA,NA,NA,NA,NA,NA,NA,NA,NA,NA,NA,NA,NA,NA,NA,"cfs",0,NA,NA,NA,NA,NA,NA,NA,"Jordan River",NA,NA,NA,c(NA, NA),0,0,0,0,0,0,0
"UTAHDWQ_WQX-4994790",2006-01-11,"UTAHDWQ_WQX","Utah Department Of Environmental Quality","JORDAN R AT UTAH L OUTLET U121 XING",NA,40.360951743,-111.898513582,1,2006,"Final",NA,NA,NA,NA,NA,NA,NA,NA,NA,NA,NA,NA,NA,NA,NA,NA,NA,NA,NA,NA,NA,NA,NA,NA,NA,NA,NA,NA,NA,NA,NA,"cfs",0,NA,NA,NA,NA,NA,NA,NA,"Jordan River",NA,NA,NA,c(NA, NA),0,0,0,0,0,0,0
"UTAHDWQ_WQX-4994790",2007-01-26,"UTAHDWQ_WQX","Utah Department Of Environmental Quality","JORDAN R AT UTAH L OUTLET U121 XING",NA,40.360951743,-111.898513582,1,2007,"Final",NA,NA,NA,NA,NA,NA,NA,NA,NA,NA,NA,NA,NA,NA,NA,NA,NA,NA,NA,NA,NA,NA,NA,NA,NA,NA,NA,NA,NA,NA,NA,"cfs",0,NA,NA,NA,NA,NA,NA,NA,"Jordan River",NA,NA,NA,c(NA, NA),0,0,0,0,0,0,0
"UTAHDWQ_WQX-4994790",2007-11-06,"UTAHDWQ_WQX","Utah Department Of Environmental Quality","JORDAN R AT UTAH L OUTLET U121 XING",NA,40.360951743,-111.898513582,11,2007,"Final",NA,NA,NA,NA,NA,NA,NA,NA,NA,NA,NA,NA,NA,NA,NA,NA,NA,NA,NA,NA,NA,NA,NA,NA,NA,NA,NA,NA,NA,NA,NA,"cfs",0,NA,NA,NA,NA,NA,NA,NA,"Jordan River",NA,NA,NA,c(NA, NA),0,0,0,0,0,0,0
"UTAHDWQ_WQX-4994790",2008-01-29,"UTAHDWQ_WQX","Utah Department Of Environmental Quality","JORDAN R AT UTAH L OUTLET U121 XING",NA,40.360951743,-111.898513582,1,2008,"Final",NA,NA,NA,NA,NA,NA,NA,NA,NA,NA,NA,NA,NA,NA,NA,NA,NA,NA,NA,NA,NA,NA,NA,NA,NA,NA,NA,NA,NA,NA,NA,"cfs",0,NA,NA,NA,NA,NA,NA,NA,"Jordan River",NA,NA,NA,c(NA, NA),0,0,0,0,0,0,0
"UTAHDWQ_WQX-4994790",2008-11-18,"UTAHDWQ_WQX","Utah Department Of Environmental Quality","JORDAN R AT UTAH L OUTLET U121 XING",NA,40.360951743,-111.898513582,11,2008,"Final",NA,NA,NA,NA,NA,NA,NA,NA,NA,NA,NA,NA,NA,NA,NA,NA,NA,NA,NA,NA,NA,NA,NA,NA,NA,NA,NA,NA,NA,NA,NA,"cfs",0,NA,NA,NA,NA,NA,NA,NA,"Jordan River",NA,NA,NA,c(NA, NA),0,0,0,0,0,0,0
"UTAHDWQ_WQX-4994790",2011-12-06,"UTAHDWQ_WQX","Utah Department Of Environmental Quality","JORDAN R AT UTAH L OUTLET U121 XING",NA,40.360951743,-111.898513582,12,2011,"Accepted",NA,NA,NA,NA,NA,NA,NA,NA,NA,NA,NA,NA,NA,NA,NA,NA,NA,NA,NA,NA,NA,NA,NA,NA,NA,NA,NA,NA,NA,NA,NA,"cfs",0,NA,NA,NA,NA,NA,NA,NA,"Jordan River",NA,NA,NA,c(NA, NA),0,0,0,0,0,0,0
"UTAHDWQ_WQX-4994790",2018-12-11,"UTAHDWQ_WQX","Utah Department Of Environmental Quality","JORDAN R AT UTAH L OUTLET U121 XING",NA,40.360951743,-111.898513582,12,2018,"Accepted",NA,NA,NA,NA,NA,NA,NA,NA,NA,NA,NA,NA,NA,NA,NA,NA,NA,NA,NA,NA,NA,NA,NA,NA,NA,NA,NA,NA,NA,NA,NA,"cfs",0,NA,NA,NA,NA,NA,NA,NA,"Jordan River",NA,NA,NA,c(NA, NA),0,0,0,0,0,0,0
"UTAHDWQ_WQX-4994790",2019-01-16,"UTAHDWQ_WQX","Utah Department Of Environmental Quality","JORDAN R AT UTAH L OUTLET U121 XING",NA,40.360951743,-111.898513582,1,2019,"Accepted",NA,NA,NA,NA,NA,NA,NA,NA,NA,NA,NA,NA,NA,NA,NA,NA,NA,NA,NA,NA,NA,NA,NA,NA,NA,NA,NA,NA,NA,NA,NA,"cfs",0,NA,NA,NA,NA,NA,NA,NA,"Jordan River",NA,NA,NA,c(NA, NA),0,0,0,0,0,0,0
"UTAHDWQ_WQX-4994790",2019-02-20,"UTAHDWQ_WQX","Utah Department Of Environmental Quality","JORDAN R AT UTAH L OUTLET U121 XING",NA,40.360951743,-111.898513582,2,2019,"Accepted",NA,NA,NA,NA,NA,NA,NA,NA,NA,NA,NA,NA,NA,NA,NA,NA,NA,NA,NA,NA,NA,NA,NA,NA,NA,NA,NA,NA,NA,NA,NA,"cfs",0,NA,NA,NA,NA,NA,NA,NA,"Jordan River",NA,NA,NA,c(NA, NA),0,0,0,0,0,0,0
"UTAHDWQ_WQX-4994790",2019-04-02,"UTAHDWQ_WQX","Utah Department Of Environmental Quality","JORDAN R AT UTAH L OUTLET U121 XING",NA,40.360951743,-111.898513582,4,2019,"Accepted",NA,NA,NA,NA,NA,NA,NA,NA,NA,NA,NA,NA,NA,NA,NA,NA,NA,NA,NA,NA,NA,NA,NA,NA,NA,NA,NA,NA,NA,NA,NA,"cfs",0,NA,NA,NA,NA,NA,NA,NA,"Jordan River",NA,NA,NA,c(NA, NA),0,0,0,0,0,0,0
"UTAHDWQ_WQX-4994790",2019-11-05,"UTAHDWQ_WQX","Utah Department Of Environmental Quality","JORDAN R AT UTAH L OUTLET U121 XING",NA,40.360951743,-111.898513582,11,2019,"Accepted",NA,NA,NA,NA,NA,NA,NA,NA,NA,NA,NA,NA,NA,NA,NA,NA,NA,NA,NA,NA,NA,NA,NA,NA,NA,NA,NA,NA,NA,NA,NA,"cfs",0,NA,NA,NA,NA,NA,NA,NA,"Jordan River",NA,NA,NA,c(NA, NA),0,0,0,0,0,0,0
"UTAHDWQ_WQX-4994790",2019-12-09,"UTAHDWQ_WQX","Utah Department Of Environmental Quality","JORDAN R AT UTAH L OUTLET U121 XING",NA,40.360951743,-111.898513582,12,2019,"Accepted",NA,NA,NA,NA,NA,NA,NA,NA,NA,NA,NA,NA,NA,NA,NA,NA,NA,NA,NA,NA,NA,NA,NA,NA,NA,NA,NA,NA,NA,NA,NA,"cfs",0,NA,NA,NA,NA,NA,NA,NA,"Jordan River",NA,NA,NA,c(NA, NA),0,0,0,0,0,0,0
"UTAHDWQ_WQX-4994790",2020-01-14,"UTAHDWQ_WQX","Utah Department Of Environmental Quality","JORDAN R AT UTAH L OUTLET U121 XING",NA,40.360951743,-111.898513582,1,2020,"Accepted",NA,NA,NA,NA,NA,NA,NA,NA,NA,NA,NA,NA,NA,NA,NA,NA,NA,NA,NA,NA,NA,NA,NA,NA,NA,NA,NA,NA,NA,NA,NA,"cfs",0,NA,NA,NA,NA,NA,NA,NA,"Jordan River",NA,NA,NA,c(NA, NA),0,0,0,0,0,0,0
"UTAHDWQ_WQX-4994790",2020-02-10,"UTAHDWQ_WQX","Utah Department Of Environmental Quality","JORDAN R AT UTAH L OUTLET U121 XING",NA,40.360951743,-111.898513582,2,2020,"Accepted",NA,NA,NA,NA,NA,NA,NA,NA,NA,NA,NA,NA,NA,NA,NA,NA,NA,NA,NA,NA,NA,NA,NA,NA,NA,NA,NA,NA,NA,NA,NA,"cfs",0,NA,NA,NA,NA,NA,NA,NA,"Jordan River",NA,NA,NA,c(NA, NA),0,0,0,0,0,0,0
